Workbook

Sheet AULA
A1: NOMBRE | B1: EDIFICIO | C1: PLANTA | D1: CAPACIDAD | E1: NUM_ORDENADORES | F1: ALTAVOCES | G1: PROYECTOR | H1: CAMARA | I1: ENCHUFES | J1: M2 | K1: OTROS | L1: GRADO_ID | M1: SEMESTRE_ACADEMICO
A2: 53-A1 | B2: A1 | C2: 5 | D2: 100 | E2: 1 | F2: TRUE | G2: TRUE | H2: FALSE | I2: TRUE | J2: 60 | L2: =GRADO!$A$2 -> 281 | M2: 2
A3: 44-A2 | B3: A2 | C3: 4 | D3: 40 | E3: 15 | F3: FALSE | G3: TRUE | H3: TRUE | I3: TRUE | J3: 40 | L3: =GRADO!$A$2 -> 281 | M3: 4
A4: Lab. Automática 1 | B4: A1-A2 | C4: 0 | D4: 30 | E4: 12 | F4: TRUE | G4: TRUE | H4: TRUE | I4: TRUE | J4: 30 | K4: Laboratorio de automatización | L4: =GRADO!A3 -> 147 | M4: 1
A5: 23-A1 | B5: A1 | C5: 2 | D5: 25 | E5: 13 | F5: TRUE | G5: TRUE | H5: TRUE | I5: TRUE | J5: 20 | L5: =GRADO!A5 -> 291 | M5: 3

Sheet RESPONSABLE
A1: CORREO | B1: NOMBRE | C1: APELLIDOS | D1: TELEFONO | E1: CODIGO_DOCENTE
A2: juan@perez.com | B2: Juan | C2: Perez Gomez | D2: 600123456
A3: maria@gomez.com | B3: Maria | C3: Gomez Lopez | D3: 600654321
A4: julia@muñoz.com | B4: Julia | C4: Muñoz Martinez | D4: 639865741 | E4: 123

Sheet RESERVA
A1: IDRESERVA | B1: NOMBRE_AULA | C1: ID_DIA | D1: MOMENTO_RESERVA | E1: ESTADO | F1: TIPO | G1: CAPACIDAD_SOLICITADA | H1: HORA_INICIO | I1: HORA_FIN

Sheet RESERVA_PUNTUAL
A1: IDRESERVA | B1: ID_RESPONSABLE | C1: MOTIVO | D1: INICIO | E1: FIN

Sheet RESERVA_PERIODICA
A1: ID_RESERVA | B1: ID_ASIGNATURA | C1: DIA_SEMANA | D1: FECHA_INICIO | E1: FECHA_FIN | F1: INTERVALO_SEMANAS

Sheet DOCENTE
A1: CODIGO | B1: NOMBRE | C1: APELLIDOS | D1: CORREO | E1: TELEFONO
A2: 123 | B2: Julia | C2: Muñoz Martinez | D2: julia@muñoz.com | E2: 639865741

Sheet ASIGNATURAS
A1: IDASIGNATURA | B1: NOMBRE | C1: ABREVIATURA | D1: CURSO_GRADO | E1: SEMESTRE_ACADEMICO | F1: ECTS | G1: GRADO_ID | H1: TIPO | I1: HORAS_PRACTICAS
A2: 8797 | B2: Álgebra lineal | C2: ÁLGEBRA | D2: 1 | E2: 1 | F2: 6 | G2: =GRADO!$A$2 -> 281 | H2: O | I2: 2
A3: 8798 | B3: Informática Básica | C3: INFORMÁTICA | D3: 1 | E3: 1 | F3: 6 | G3: =GRADO!$A$2 -> 281 | H3: O | I3: 2
A4: 8799 | B4: Fundamentos Físicos de la Informática | C4: FÍSICA | D4: 1 | E4: 1 | F4: 6 | G4: =GRADO!$A$2 -> 281 | H4: O | I4: 2

Sheet IMPARTE
A1: CODIGO_DOCENTE | B1: ID_ASIGNATURA

Sheet GRADO
A1: IDGRADO | B1: NOMBRE | C1: ABREVIATURA | D1: COORDINADOR
A2: 281 | B2: Grado en Ingeniería Informática | C2: GII | D2: Álvar Arnaiz González
A3: 147 | B3: Grado en Ingeniería Electrónica Industrial y Automática | C3: GIE | D3: Ignacio Moreno Velasco
A4: 166 | B4: Grado en Ingeniería Mecánica | C4: GIM | D4: Raúl Zamorano Samperio
A5: 291 | B5: Grado en Ingeniería de Organización Industrial | C5: GIO | D5: Francisco Javier Gómez Gil
A6: 254 | B6: Doble Grado en Ingeniería Mecánica e Ingeniería Electrónica Industrial y Automática | C6: DOB | D6: Ana Serrano Mamolar
A7: 220 | B7: Máster en Ingeniería Industrial | C7: MIND | D7: Pedro Miguel Bravo Diez

Sheet GRUPO
A1: GRUPOID | B1: NOMBRE | C1: ID_ASIGNATURA | D1: CAPACIDAD_MAX

Sheet CURSO
A1: IDCURSO | B1: FECHA_INICIO | C1: FECHA_FIN
A2: 2025-2026 | B2: 45901 | C2: 46234

Sheet SEMESTRE
A1: IDSEMESTRE | B1: CURSO_ID | C1: NUMERO | D1: FECHA_INICIO | E1: FECHA_FIN
A2: 2025-2026-1 | B2: 2025-2026 | C2: 1 | D2: 45908 | E2: 46057
A3: 2025-2026-2 | B3: 2025-2026 | C3: 2 | D3: 46058 | E3: 46229

Sheet DIA
A1: DIA | B1: ID_SEMESTRE | C1: DIA_SEMANA
A2: 45901 | B2: 2025-2026-1 | C2: 1
A3: 45902 | B3: =$B$2 -> 2025-2026-1 | C3: 2
A4: 45903 | B4: =$B$2 -> 2025-2026-1 | C4: 3
A5: 45904 | B5: =$B$2 -> 2025-2026-1 | C5: 4
A6: 45905 | B6: =$B$2 -> 2025-2026-1 | C6: 5
A7: 45906 | B7: =$B$2 -> 2025-2026-1 | C7: 6
A8: 45907 | B8: =$B$2 -> 2025-2026-1 | C8: 7
A9: 45908 | B9: =$B$2 -> 2025-2026-1 | C9: 1
A10: 45909 | B10: =$B$2 -> 2025-2026-1 | C10: 2
A11: 45910 | B11: =$B$2 -> 2025-2026-1 | C11: 3
A12: 45911 | B12: =$B$2 -> 2025-2026-1 | C12: 4
A13: 45912 | B13: =$B$2 -> 2025-2026-1 | C13: 5
A14: 45913 | B14: =$B$2 -> 2025-2026-1 | C14: 6
... A158: 46057 | B158: =$B$2 -> 2025-2026-1 | C158: 3
A159: 46058 | B159: 2025-2026-2 | C159: 4
A160: 46059 | B160: =$B$159 -> 2025-2026-2 | C160: 5
A161: 46060 | B161: =$B$159 -> 2025-2026-2 | C161: 6
A162: 46061 | B162: =$B$159 -> 2025-2026-2 | C162: 7
A163: 46062 | B163: =$B$159 -> 2025-2026-2 | C163: 1
A164: 46063 | B164: =$B$159 -> 2025-2026-2 | C164: 2
A165: 46064 | B165: =$B$159 -> 2025-2026-2 | C165: 3
A166: 46065 | B166: =$B$159 -> 2025-2026-2 | C166: 4
A167: 46066 | B167: =$B$159 -> 2025-2026-2 | C167: 5
A168: 46067 | B168: =$B$159 -> 2025-2026-2 | C168: 6
A169: 46068 | B169: =$B$159 -> 2025-2026-2 | C169: 7
A170: 46069 | B170: =$B$159 -> 2025-2026-2 | C170: 1
A171: 46070 | B171: =$B$159 -> 2025-2026-2 | C171: 2
... A335: 46234 | B335: =$B$159 -> 2025-2026-2 | C335: 5

Sheet LECTIVO
A1: ID_DIA

Sheet CAMBIO_DOCENCIA
A1: ID_DIA | B1: SUSTITUYE_DIA
A2: 45993 | B2: 5
A3: 46086 | B3: 5
A4: 46099 | B4: 5
A5: 46163 | B5: 5

Sheet EXAMEN
A1: ID_DIA | B1: CONVOCATORIA

Sheet FESTIVO
A1: ID_DIA | B1: NOMBRE | C1: ALCANCE
A2: 45926 | B2: Solemne Inauguración del curso académico | C2: UNIVERSIDAD
A3: 45943 | B3: Fiesta Nacional de España (traslado 12-oct) | C3: NACIONAL
A4: 45999 | B4: Inmaculada Concepción | C4: NACIONAL
A5: 46050 | B5: Fiesta de Santo Tomás de Aquino | C5: NACIONAL
A6: 46087 | B6: Fiesta de la Universidad de Burgos | C6: UNIVERSIDAD
A7: 45005 | B7: Fiesta de la EPS | C7: CENTRO
A8: 46135 | B8: Fiesta de Castilla y León | C8: REGIONAL
A9: 46143 | B9: Fiesta del Trabajo | C9: NACIONAL
A10: 46185 | B10: Fiesta del Curpillos | C10: LOCAL
A11: 46202 | B11: San Pedro y San Pablo | C11: LOCAL

Sheet TFG
A1: ID_DIA | B1: CONVOCATORIA
A2: 46203 | B2: 1
A3: 46204 | B3: 1
A4: 46205 | B4: 1
A5: 46206 | B5: 1
A6: 46207 | B6: 1
A7: 46208 | B7: 1
A8: 46209 | B8: 1
A9: 46210 | B9: 1
A10: 46211 | B10: 1
A11: 46212 | B11: 1
A12: 46213 | B12: 1
A13: 46214 | B13: 1
... A19: 46220 | B19: 1
