Workbook
Name Asignaturas2: [1]ASIGNATURAS!$D$2:$D$55
Name Asignaturas2: ASIGNATURAS!$D$2:$D$55
Name AULAS: [1]Aulas!$A$2:$A$172
Name AULAS: Aulas!$A$2:$A$198
Name Aulas_C: Aulas!$A$75:$A$90
Name CAGIE__1: ASIGNATURAS!$F$269:$F$273
Name CAGIE__2: ASIGNATURAS!$F$274:$F$275
Name CAGIE_1: ASIGNATURAS!$H$269:$H$273
Name CAGIE_2: ASIGNATURAS!$H$274:$H$275
Name CAGII__1: ASIGNATURAS!$F$278:$F$286
Name CAGII__2: ASIGNATURAS!$F$291:$F$311
Name CAGII_1: ASIGNATURAS!$H$278:$H$286
Name CAGII_2: ASIGNATURAS!$H$291:$H$311
Name CAGIM__1: ASIGNATURAS!$F$260:$F$264
Name CAGIM__2: ASIGNATURAS!$F$265:$F$266
Name CAGIM_1: ASIGNATURAS!$H$260:$H$264
Name CAGIM_2: ASIGNATURAS!$H$265:$H$266
Name dg_3: ASIGNATURAS!$I$314:$I$319
Name dg_4: ASIGNATURAS!$J$314:$J$318
Name DGME: ASIGNATURAS!$F$313:$F$322
Name DGME_1: [1]ASIGNATURAS!$G$281:$G$289
Name DGME_1: ASIGNATURAS!$G$314:$G$322
Name DGME_10: ASIGNATURAS!$P$314:$P$322
Name DGME_2: [1]ASIGNATURAS!$H$281:$H$289
Name DGME_2: ASIGNATURAS!$H$314:$H$322
Name DGME_3: ASIGNATURAS!$I$314:$I$322
Name DGME_4: ASIGNATURAS!$J$314:$J$322
Name DGME_5: ASIGNATURAS!$K$314:$K$322
Name DGME_6: ASIGNATURAS!$L$314:$L$322
Name DGME_7: ASIGNATURAS!$M$315:$M$323
Name DGME_8: ASIGNATURAS!$N$314:$N$322
Name DGME_9: ASIGNATURAS!$O$314:$O$322
Name e: [1]Aulas!$G$2:$G$4
Name e: Aulas!$G$2:$G$4
Name GIE: ASIGNATURAS!$A$11:$A$18
Name GIE__1: ASIGNATURAS!$F$46:$F$51
Name GIE__2: ASIGNATURAS!$F$52:$F$57
Name GIE__3: ASIGNATURAS!$F$58:$F$62
Name GIE__4: ASIGNATURAS!$F$63:$F$67
Name GIE__5: ASIGNATURAS!$F$68:$F$72
Name GIE__6: ASIGNATURAS!$F$73:$F$77
Name GIE__7: ASIGNATURAS!$F$78:$F$86
Name GIE__8: ASIGNATURAS!$F$87:$F$88
Name GIE_1: ASIGNATURAS!$H$46:$H$51
Name GIE_2: ASIGNATURAS!$H$52:$H$57
Name GIE_3: ASIGNATURAS!$H$58:$H$62
Name GIE_4: ASIGNATURAS!$H$63:$H$67
Name GIE_5: ASIGNATURAS!$H$68:$H$72
Name GIE_6: ASIGNATURAS!$H$73:$H$77
Name GIE_7: [1]ASIGNATURAS!$H$78:$H$86
Name GIE_7: ASIGNATURAS!$H$78:$H$86
Name GIE_8: ASIGNATURAS!$H$87:$H$88
Name GII: ASIGNATURAS!$A$29:$A$36
Name GII__1: ASIGNATURAS!$F$152:$F$156
Name GII__2: ASIGNATURAS!$F$157:$F$161
Name GII__3: ASIGNATURAS!$F$162:$F$166
Name GII__4: ASIGNATURAS!$F$167:$F$171
Name GII__5: ASIGNATURAS!$F$172:$F$176
Name GII__6: [1]ASIGNATURAS!$F$170:$F$174
Name GII__6: ASIGNATURAS!$F$177:$F$181

Sheet GIEIA
A1: =VLOOKUP(A4,ASIGNATURAS!$A$2:$D$151, 3, FALSE) -> 1º Grado en Ingeniería Electrónica Industrial y Automática | Z1: =Aulas!G5 -> Curso 2024-2025
A2: =VLOOKUP(A4,ASIGNATURAS!$A$2:$D$151, 2, FALSE) -> Semestre temporal: 1º (1º Semestre Académico) | Z2: Aula 35-A2
A3: Grupo: MANAÑA
A4: GIE_1
A5: Hora | B5: LUNES | H5: MARTES | N5: MIÉRCOLES | T5: JUEVES | Z5: VIERNES
A6: 08:30 - 09:30 | B6: INFORMATICA | H6: CÁLCULO | N6: EXP. GRAF. | T6: CALCULO | Z6: FISICA I
B7: Aula 35-A2 | H7: Aula 35-A2 | N7: Aula 41-A2 | T7: Aula 35-A2 | Z7: Aula 35-A2
A8: 09:30 - 10:30 | B8: FÍSICA I | H8: ALGEBRA | N8: (101) | O8: Aula 53-A2 (CAD) | P8: (102) | Q8: Aula 41-A2 | T8: ALGEBRA | Z8: INFORMATICA
B9: Aula 35-A2 | H9: Aula 35-A2 | N9: EXPRESION GRAFICA | P9: EXPRESION GRAFICA | T9: Aula 35-A2 | Z9: Aula 35-A2
A10: 10:30 - 11:30 | B10: (101) | C10: Lab. Fisica / Aula 42-A2 | D10: (102) | E10: Aula Inf. 1B | H10: (101) | I10: Aula 35-A2 / Aula 52-A2 | J10: (102) | K10: Lab 46-A1 | T10: (102) | U10: Aula 35-A2 / Aula 52-A2 | Z10: (101) | AA10: Lab 46-A1 | AB10: (102) | AC10: Lab. Fisica / Aula 42-A2
B11: FÍSICA I | D11: CALCULO | H11: ALGEBRA | J11: INFORMÁTICA | T11: ALGEBRA | Z11: INFORMATICA | AB11: FISICA I
A12: 11:30 - 12:30
A14: 12:30 - 13:30 | B14: (101) | C14: Aula Inf. 1B
B15: CALCULO
A16: 13:30 - 14:30
A19: Nombre abreviado | C19: Nombre completo | M19: GIE__1 | O19: ECTS | Q19: Profesor / es
A20: =VLOOKUP(M20,ASIGNATURAS!$F$1:$L$1022, 3, FALSE) -> ÁLGEBRA | C20: =VLOOKUP(M20,ASIGNATURAS!$F$1:$L$1022, 4, FALSE) -> Álgebra y Ecuaciones Diferenciales | M20: 6392 | O20: =VLOOKUP(M20,ASIGNATURAS!$F$1:$L$1022, 5, FALSE) -> 6 | Q20: =VLOOKUP(M20,ASIGNATURAS!$F$1:$L$1022, 6, FALSE) -> Roberto Casado
A21: =VLOOKUP(M21,ASIGNATURAS!$F$1:$L$1022, 3, FALSE) -> CÁLCULO | C21: =VLOOKUP(M21,ASIGNATURAS!$F$1:$L$1022, 4, FALSE) -> Cálculo | M21: 6393 | O21: =VLOOKUP(M21,ASIGNATURAS!$F$1:$L$1022, 5, FALSE) -> 6 | Q21: =VLOOKUP(M21,ASIGNATURAS!$F$1:$L$1022, 6, FALSE) -> Roberto Casado
A22: =VLOOKUP(M22,ASIGNATURAS!$F$1:$L$1022, 3, FALSE) -> FÍSICA I | C22: =VLOOKUP(M22,ASIGNATURAS!$F$1:$L$1022, 4, FALSE) -> Física I | M22: 6394 | O22: =VLOOKUP(M22,ASIGNATURAS!$F$1:$L$1022, 5, FALSE) -> 6 | Q22: =VLOOKUP(M22,ASIGNATURAS!$F$1:$L$1022, 6, FALSE) -> Alfonso Blasco Sanz
A23: =VLOOKUP(M23,ASIGNATURAS!$F$1:$L$1022, 3, FALSE) -> EXP. GRÁFICA | C23: =VLOOKUP(M23,ASIGNATURAS!$F$1:$L$1022, 4, FALSE) -> Expresión Gráfica | M23: 6395 | O23: =VLOOKUP(M23,ASIGNATURAS!$F$1:$L$1022, 5, FALSE) -> 6 | Q23: =VLOOKUP(M23,ASIGNATURAS!$F$1:$L$1022, 6, FALSE) -> Esteban García Maté, Esther Baños García
A24: =VLOOKUP(M24,ASIGNATURAS!$F$1:$L$1022, 3, FALSE) -> INFORMÁTICA | C24: =VLOOKUP(M24,ASIGNATURAS!$F$1:$L$1022, 4, FALSE) -> Informática Básica | M24: 6396 | O24: =VLOOKUP(M24,ASIGNATURAS!$F$1:$L$1022, 5, FALSE) -> 6 | Q24: =VLOOKUP(M24,ASIGNATURAS!$F$1:$L$1022, 6, FALSE) -> Beatriz Gil Arroyo, Sergio Martín Marquina
A27: GRUPOS TEÓRICOS = 1
A28: GRUPOS PRÁCTICOS = 2
A30: Nota: Estos horarios podrán ser modificados por necesidades docentes (desdoble de grupos, ocupación de laboratorios, contratación de profesorado…)
A33: =VLOOKUP(A36,ASIGNATURAS!$A$2:$D$151, 3, FALSE) -> 1º Grado en Ingeniería Electrónica Industrial y Automática | Z33: =Z1 -> Curso 2024-2025
A34: =VLOOKUP(A36,ASIGNATURAS!$A$2:$D$151, 2, FALSE) -> Semestre temporal: 2º (2º Semestre Académico) | Z34: Aula 34-A2
A35: Grupo: MANAÑA
A36: GIE_2
A37: Hora | B37: LUNES | H37: MARTES | N37: MIÉRCOLES | T37: JUEVES | Z37: VIERNES
A38: 08:30 - 09:30 | B38: QUIMICA | H38: QUIMICA | N38: ECONOMIA | T38: FISICA II | Z38: AMP. CALCULO
B39: Aula 34-A2 | H39: Aula 34-A2 | N39: Aula 21-A1 | T39: Aula 34-A2 | Z39: Aula 34-A2
A40: 09:30 - 10:30 | B40: MATERIALES | H40: MATERIALES | N40: ECONOMIA | T40: AMP. CALCULO | Z40: FISICA II
B41: Aula 34-A2 | H41: Aula 34-A2 | N41: Aula 21-A1 | T41: Aula 34-A2 | Z41: Aula 34-A2
A42: 10:30 - 11:30 | D42: (102) | E42: Aula 21-A1 | H42: (101) | I42: Aula 21-A1 | J42: (102) | K42: Lab. Materiales | N42: (101) | O42: Lab. Materiales | P42: (102) | Q42: Aula 52-A2 (Inf.)/36-A2 | V42: (102) | W42: Lab. Fisica / Aula 44-A2 | Z42: (101) | AA42: Lab. Fisica / Aula 44-A2
D43: ECONOMIA | H43: ECONOMIA | J43: MATERIALES | N43: MATERIALES | P43: AMP. CALCULO | V43: FISICA II | Z43: FISICA II
A44: 11:30 - 12:30
A46: 12:30 - 13:30 | N46: (101) | O46: Lab. Química / Aula 44-A2 | V46: (102) | W46: Lab. Química / Aula 44-A2 | Z46: (101) | AA46: Aula 52-A2 (Inf.)/36-A2
N47: QUIMICA | V47: QUIMICA | Z47: AMP. CALCULO
A48: 13:30 - 14:30
A51: Nombre abreviado | C51: Nombre completo | M51: GIE__2 | O51: ECTS | Q51: Profesor / es
A52: =VLOOKUP(M52,ASIGNATURAS!$F$1:$L$1022, 3, FALSE) -> MATERIALES | C52: =VLOOKUP(M52,ASIGNATURAS!$F$1:$L$1022, 4, FALSE) -> Ciencia de Materiales: Est. y propiedades | M52: 6397 | O52: =VLOOKUP(M52,ASIGNATURAS!$F$1:$L$1022, 5, FALSE) -> 6 | Q52: =VLOOKUP(M52,ASIGNATURAS!$F$1:$L$1022, 6, FALSE) -> Mónica Preciado Calzada
A53: =VLOOKUP(M53,ASIGNATURAS!$F$1:$L$1022, 3, FALSE) -> AMP. CÁLCULO | C53: =VLOOKUP(M53,ASIGNATURAS!$F$1:$L$1022, 4, FALSE) -> Ampliación de Cálculo y Geometría | M53: 6398 | O53: =VLOOKUP(M53,ASIGNATURAS!$F$1:$L$1022, 5, FALSE) -> 6 | Q53: =VLOOKUP(M53,ASIGNATURAS!$F$1:$L$1022, 6, FALSE) -> Antonio Manzano, Leticia Sainz
A54: =VLOOKUP(M54,ASIGNATURAS!$F$1:$L$1022, 3, FALSE) -> FÍSICA II | C54: =VLOOKUP(M54,ASIGNATURAS!$F$1:$L$1022, 4, FALSE) -> Física II | M54: 6399 | O54: =VLOOKUP(M54,ASIGNATURAS!$F$1:$L$1022, 5, FALSE) -> 6 | Q54: =VLOOKUP(M54,ASIGNATURAS!$F$1:$L$1022, 6, FALSE) -> Maria Felicidad Bogalo Roman
A55: =VLOOKUP(M55,ASIGNATURAS!$F$1:$L$1022, 3, FALSE) -> QUÍMICA | C55: =VLOOKUP(M55,ASIGNATURAS!$F$1:$L$1022, 4, FALSE) -> Química | M55: 6400 | O55: =VLOOKUP(M55,ASIGNATURAS!$F$1:$L$1022, 5, FALSE) -> 6 | Q55: =VLOOKUP(M55,ASIGNATURAS!$F$1:$L$1022, 6, FALSE) -> Rafael Alcalde García, Santiago Aparicio
A56: =VLOOKUP(M56,ASIGNATURAS!$F$1:$L$1022, 3, FALSE) -> ECONOMÍA | C56: =VLOOKUP(M56,ASIGNATURAS!$F$1:$L$1022, 4, FALSE) -> Economía de la Empresa | M56: 6401 | O56: =VLOOKUP(M56,ASIGNATURAS!$F$1:$L$1022, 5, FALSE) -> 6 | Q56: =VLOOKUP(M56,ASIGNATURAS!$F$1:$L$1022, 6, FALSE) -> María Teresa Peña Pérez
A57: La permuta de Ampliación de cálculo y Fisica II de los vidernes será, unicaménte, en las semanas en las 2 primeras semanas de marzo
A59: GRUPOS TEÓRICOS = 1
A60: GRUPOS PRÁCTICOS = 2
A62: Nota: Estos horarios podrán ser modificados por necesidades docentes (desdoble de grupos, ocupación de laboratorios, contratación de profesorado…)
A64: =VLOOKUP(A67,ASIGNATURAS!$A$2:$D$151, 3, FALSE) -> 2º Grado en Ingeniería Electrónica Industrial y Automática | Z64: =Z33 -> Curso 2024-2025
A65: =VLOOKUP(A67,ASIGNATURAS!$A$2:$D$151, 2, FALSE) -> Semestre temporal: 1º (3º Semestre Académico) | Z65: Aula 44-A2
A66: Grupo: TARDE
A67: GIE_3
A68: Hora | B68: LUNES | H68: MARTES | N68: MIÉRCOLES | T68: JUEVES | Z68: VIERNES
A69: 14:30 - 15:30 | B69: ERMAT | C69: (101) | D69: Aula 44-A2 | E69: ORG. PROD. | F69: (102) | G69: Lab. 24-A1 | H69: TÉRMICA | I69: (101) | J69: Aula Inf. 2B | K69: ING. ELÉCTRICA | L69: (102) | M69: Lab. I. Eléctrica 1 | N69: ORG. PROD. | O69: (101) | P69: Lab. 24-A1 | Q69: ERMAT | R69: (102) | S69: Aula 44-A2 | T69: ING. ELÉCTRICA | U69: (101) | V69: Lab. I. Eléctrica 1 | W69: TÉRMICA | X69: (102) | Y69: Aula Inf. 2B
A71: 15:30 - 16:30
A73: 16:30 - 17:30 | B73: ORG. PROD. | H73: E.C.N. | N73: ORG. PROD. | T73: ING. ELÉCTRICA
B74: Aula 44-A2 | H74: Aula 44-A2 | N74: Aula 44-A2 | T74: Aula 44-A2
A75: 17:30 - 18:30 | B75: ERMAT | H75: ING. ELÉCTRICA | N75: ERMAT | T75: E.C.N.
B76: Aula 44-A2 | H76: Aula 44-A2 | N76: Aula 44-A2 | T76: Aula 44-A2
A77: 18:30 - 19:30 | B77: TÉRMICA | H77: E.C.N. | I77: (102) | J77: Aula 51-A2 (Inf.) | T77: E.C.N. | U77: (101) | V77: Aula 51-A2 (Inf.)
B78: Aula 44-A2
A79: 19:30 - 20:30 | B79: TÉRMICA
B80: Aula 44-A2
A82: Nombre abreviado | C82: Nombre completo | M82: GIE__3 | O82: ECTS | Q82: Profesor / es
A83: =VLOOKUP(M83,ASIGNATURAS!$F$1:$L$1022, 3, FALSE) -> TÉRMICA | C83: =VLOOKUP(M83,ASIGNATURAS!$F$1:$L$1022, 4, FALSE) -> Ingeniería Térmica | M83: 6402 | O83: =VLOOKUP(M83,ASIGNATURAS!$F$1:$L$1022, 5, FALSE) -> 6 | Q83: =VLOOKUP(M83,ASIGNATURAS!$F$1:$L$1022, 6, FALSE) -> Natalia Muñoz Rujas
A84: =VLOOKUP(M84,ASIGNATURAS!$F$1:$L$1022, 3, FALSE) -> E.C.N. | C84: =VLOOKUP(M84,ASIGNATURAS!$F$1:$L$1022, 4, FALSE) -> Estadística y Cálculo Numérico | M84: 6403 | O84: =VLOOKUP(M84,ASIGNATURAS!$F$1:$L$1022, 5, FALSE) -> 6 | Q84: =VLOOKUP(M84,ASIGNATURAS!$F$1:$L$1022, 6, FALSE)
A85: =VLOOKUP(M85,ASIGNATURAS!$F$1:$L$1022, 3, FALSE) -> ING. ELÉCTRICA | C85: =VLOOKUP(M85,ASIGNATURAS!$F$1:$L$1022, 4, FALSE) -> Fundamentos de Ingeniería Eléctrica | M85: 6404 | O85: =VLOOKUP(M85,ASIGNATURAS!$F$1:$L$1022, 5, FALSE) -> 6 | Q85: =VLOOKUP(M85,ASIGNATURAS!$F$1:$L$1022, 6, FALSE) -> Javier González
A86: =VLOOKUP(M86,ASIGNATURAS!$F$1:$L$1022, 3, FALSE) -> ORG. PROD. | C86: =VLOOKUP(M86,ASIGNATURAS!$F$1:$L$1022, 4, FALSE) -> Organización de la Producción | M86: 6405 | O86: =VLOOKUP(M86,ASIGNATURAS!$F$1:$L$1022, 5, FALSE) -> 6 | Q86: =VLOOKUP(M86,ASIGNATURAS!$F$1:$L$1022, 6, FALSE) -> Miguel Angel Manzanedo, Carlos Alonso, Ricardo del Olmo
A87: =VLOOKUP(M87,ASIGNATURAS!$F$1:$L$1022, 3, FALSE) -> ERMAT | C87: =VLOOKUP(M87,ASIGNATURAS!$F$1:$L$1022, 4, FALSE) -> Elasticidad y Resistencia de Materiales | M87: 6406 | O87: =VLOOKUP(M87,ASIGNATURAS!$F$1:$L$1022, 5, FALSE) -> 6 | Q87: =VLOOKUP(M87,ASIGNATURAS!$F$1:$L$1022, 6, FALSE) -> Manuel Solaguren-Beascoa
A90: GRUPOS TEÓRICOS = 1
A91: GRUPOS PRÁCTICOS = 2
A93: Nota: Estos horarios podrán ser modificados por necesidades docentes (desdoble de grupos, ocupación de laboratorios, contratación de profesorado…)
A96: =VLOOKUP(A99,ASIGNATURAS!$A$2:$D$151, 3, FALSE) -> 2º Grado en Ingeniería Electrónica Industrial y Automática | Z96: =Z64 -> Curso 2024-2025
A97: =VLOOKUP(A99,ASIGNATURAS!$A$2:$D$151, 2, FALSE) -> Semestre temporal: 2º (4º Semestre Académico) | Z97: Aula 35-A2
A98: Grupo: TARDE
A99: GIE_4
A100: Hora | B100: LUNES | H100: MARTES | N100: MIÉRCOLES | T100: JUEVES | Z100: VIERNES
A101: 14:30 - 15:30 | B101: CIRCUITOS | C101: (101) | D101: Lab. I. Eléctrica 1 | E101: AUTOMATISMOS | F101: (102) | G101: Lab. Automática 1 | H101: MECANISMOS | I101: (101) | J101: Aula 35-A2 | K101: CIRCUITOS | L101: (102) | M101: Lab. I. Eléctrica 1 | Q101: MECANISMOS | R101: (102) | S101: Aula 35-A2 | T101: AUTOMATISMOS | U101: (101) | V101: Lab. Automática 1 | Z101: FLUIDOMEC. | AA101: (101) | AB101: Aula Inf. 1B | AC101: ELECTRONICA | AD101: (102) | AE101: Lab. Electrónica 1
A103: 15:30 - 16:30
A105: 16:30 - 17:30 | B105: AUTOMATISMOS | H105: CIRCUITOS | N105: MECANISMOS | T105: ELECTRONICA | Z105: ELECTRONICA | AA105: (101) | AB105: Lab. Electrónica 1 | AC105: FLUIDOMEC. | AD105: (102) | AE105: Aula Inf. 1B
B106: Aula 35-A2 | H106: Aula 35-A2 | N106: Aula 35-A2 | T106: Aula 35-A2
A107: 17:30 - 18:30 | B107: CIRCUITOS | H107: MECANISMOS | N107: AUTOMATISMOS | T107: ELECTRONICA
B108: Aula 35-A2 | H108: Aula 35-A2 | N108: Aula 35-A2 | T108: Aula 35-A2
A109: 18:30 - 19:30 | B109: FLUIDOMEC. | H109: FLUIDOMEC. | I109: (101) | J109: Aula Inf. 2B | Q109: FLUIDOMEC. | R109: (102) | S109: Aula Inf. 1B
B110: Aula 35-A2
A111: 19:30 - 20:30 | B111: FLUIDOMEC.
B112: Aula 35-A2
A114: Nombre abreviado | C114: Nombre completo | M114: GIE__4 | O114: ECTS | Q114: Profesor / es
A115: =VLOOKUP(M115,ASIGNATURAS!$F$1:$L$1022, 3, FALSE) -> FLUIDOMECÁNICA | C115: =VLOOKUP(M115,ASIGNATURAS!$F$1:$L$1022, 4, FALSE) -> Ingeniería Fluidomecánica | M115: 6407 | O115: =VLOOKUP(M115,ASIGNATURAS!$F$1:$L$1022, 5, FALSE) -> 6 | Q115: =VLOOKUP(M115,ASIGNATURAS!$F$1:$L$1022, 6, FALSE) -> Jesús Marcos García
A116: =VLOOKUP(M116,ASIGNATURAS!$F$1:$L$1022, 3, FALSE) -> ELECTRÓNICA | C116: =VLOOKUP(M116,ASIGNATURAS!$F$1:$L$1022, 4, FALSE) -> Fundamentos de Electrónica | M116: 6408 | O116: =VLOOKUP(M116,ASIGNATURAS!$F$1:$L$1022, 5, FALSE) -> 6 | Q116: =VLOOKUP(M116,ASIGNATURAS!$F$1:$L$1022, 6, FALSE) -> Jesús H. Lucio, Guzmán Moreno
A117: =VLOOKUP(M117,ASIGNATURAS!$F$1:$L$1022, 3, FALSE) -> MECANISMOS | C117: =VLOOKUP(M117,ASIGNATURAS!$F$1:$L$1022, 4, FALSE) -> Mecanismos | M117: 6409 | O117: =VLOOKUP(M117,ASIGNATURAS!$F$1:$L$1022, 5, FALSE) -> 6 | Q117: =VLOOKUP(M117,ASIGNATURAS!$F$1:$L$1022, 6, FALSE) -> Francisco Javier Gómez Gil
A118: =VLOOKUP(M118,ASIGNATURAS!$F$1:$L$1022, 3, FALSE) -> AUTOMATISMOS | C118: =VLOOKUP(M118,ASIGNATURAS!$F$1:$L$1022, 4, FALSE) -> Automatismos y Control Industrial | M118: 6410 | O118: =VLOOKUP(M118,ASIGNATURAS!$F$1:$L$1022, 5, FALSE) -> 6 | Q118: =VLOOKUP(M118,ASIGNATURAS!$F$1:$L$1022, 6, FALSE) -> José María Vela Castresana
A119: =VLOOKUP(M119,ASIGNATURAS!$F$1:$L$1022, 3, FALSE) -> CIRCUITOS | C119: =VLOOKUP(M119,ASIGNATURAS!$F$1:$L$1022, 4, FALSE) -> Teoría de Circuitos | M119: 6411 | O119: =VLOOKUP(M119,ASIGNATURAS!$F$1:$L$1022, 5, FALSE) -> 6 | Q119: =VLOOKUP(M119,ASIGNATURAS!$F$1:$L$1022, 6, FALSE) -> Victoria Abad, Jesús Sagredo
A122: GRUPOS TEÓRICOS = 1
A123: GRUPOS PRÁCTICOS = 2
A125: Nota: Estos horarios podrán ser modificados por necesidades docentes (desdoble de grupos, ocupación de laboratorios, contratación de profesorado…)
A127: =VLOOKUP(A130,ASIGNATURAS!$A$2:$D$151, 3, FALSE) -> 3º Grado en Ingeniería Electrónica Industrial y Automática | Z127: =Z96 -> Curso 2024-2025
A128: =VLOOKUP(A130,ASIGNATURAS!$A$2:$D$151, 2, FALSE) -> Semestre temporal: 1º (5º Semestre Académico) | Z128: Aula 46-A2
A129: Grupo: MANAÑA
...

Sheet GIM
A1: =VLOOKUP(A4,ASIGNATURAS!$A$2:$D$151, 3, FALSE) -> 1º Grado en Ingeniería Mecánica | AP1: =Aulas!G5 -> Curso 2024-2025
A2: =VLOOKUP(A4,ASIGNATURAS!$A$2:$D$151, 2, FALSE) -> Semestre temporal: 1º (1º Semestre Académico) | AP2: Aula 51-A1
A3: Grupo: MANAÑA
A4: GIM_1
A5: Hora | B5: LUNES | L5: MARTES | V5: MIÉRCOLES | AF5: JUEVES | AP5: VIERNES
A6: 08:30 - 09:30 | B6: (101) | C6: Aula 53-A2 (CAD) / 41-A2 (Tab) | F6: (103) | G6: Aula 55-A2 (CAD) / 41-A2 (Tab) | P6: (103) | Q6: Lab. Fisica / Aula -31A2 | R6: (104) | S6: Lab. Química | T6: (105) | U6: Aula 51-A2 (Inf.) | V6: (101) | W6: Lab. Fisica / Aula 31-A2 | X6: (102) | Y6: Aula 34-A2 / Aula 52-A2 | AF6: (101) | AG6: Aula 51-A2 (Inf.) | AH6: (102) | AI6: Lab. Fisica / Aula 34-A2 | AJ6: (103) | AK6: Lab. Química | AV6: (104) | AW6: Lab. Fisica / Aula -31A2
B7: EXP. GRAFICA I | F7: EXP. GRAFICA I | P7: FISICA I | R7: QUIMICA | T7: CALCULO | V7: FISICA I | X7: ALGEBRA | AF7: CALCULO | AH7: FISICA I | AJ7: QUIMICA | AV7: FISICA I
A8: 09:30 - 10:30 | D8: (102) | E8: Lab. Química | H8: (104) | I8: Aula 34-A2 / Aula 52-A2
D9: QUIMICA | H9: ALGEBRA
A10: 10:30 - 11:30 | L10: CALCULO | R10: Aula 51-A1 | V10: ALGEBRA | AB10: Aula 51-A1 | AF10: CALCULO | AL10: Aula 51-A1 | AP10: QUIMICA | AV10: Aula 51-A1
A12: 11:30 - 12:30 | B12: (101) | C12: Lab. Química | D12: (102) | E12: Aula 53-A2 (CAD) / 41-A2 (Tab) | F12: (103) | G12: Aula 34-A2 / Aula 52-A2 | H12: (104) | I12: Aula 55-A2 (CAD) / 41-A2 (Tab) | L12: FISICA I | R12: Aula 51-A1 | V12: FISICA I | AB12: Aula 51-A1 | AF12: QUIMICA | AL12: Aula 51-A1 | AP12: ALGEBRA | AV12: Aula 51-A1
B13: QUIMICA | D13: EXP. GRAFICA I | F13: ALGEBRA | H13: EXP. GRAFICA I
A14: 12:30 - 13:30 | L14: EXP. GRAFICA I | R14: Aula 51-A1 | AD14: (105) | AE14: Lab. Fisica / Aula 31-A2
AD15: FISICA I
A16: 13:30 - 14:30
A18: Hora | B18: LUNES | L18: MARTES | V18: MIÉRCOLES | AF18: JUEVES | AP18: VIERNES
A19: 15:30 - 16:30 | T19: (105) | U19: Aula 52-A2 (Inf.) | V19: (101) | W19: Aula 52-A2 (Inf.) / 32-A2 | AL19: (104) | AM19: Aula 52-A2 (Inf.)
T20: ALGEBRA | V20: ALGEBRA | AL20: CALCULO
A21: 16:30 - 17:30 | D21: (102) | E21: Aula 52-A2 (Inf.)
D22: CALCULO
A23: 17:30 - 18:30 | Z23: (103) | AA23: Aula 52-A2 (Inf.)
Z24: CALCULO
A25: 18:30 - 19:30
A27: Nombre abreviado | C27: Nombre completo | O27: GIM__1 | S27: ECTS | U27: Profesor / es | AQ27: GRUPO TEÓRICO (1)
A28: =VLOOKUP(O28,[2]ASIGNATURAS!$F$1:$L$1022, 3, FALSE) -> CÁLCULO | C28: =VLOOKUP(O28,[2]ASIGNATURAS!$F$1:$L$1022, 4, FALSE) -> Cálculo | O28: 6302 | S28: =VLOOKUP(O28,[2]ASIGNATURAS!$F$1:$L$1022, 5, FALSE) -> 6 | U28: =VLOOKUP(O28,[2]ASIGNATURAS!$F$1:$L$1022, 6, FALSE) -> Ana García
A29: =VLOOKUP(O29,[2]ASIGNATURAS!$F$1:$L$1022, 3, FALSE) -> ÁLGEBRA | C29: =VLOOKUP(O29,[2]ASIGNATURAS!$F$1:$L$1022, 4, FALSE) -> Álgebra y Ecuaciones Diferenciales | O29: 6303 | S29: =VLOOKUP(O29,[2]ASIGNATURAS!$F$1:$L$1022, 5, FALSE) -> 6 | U29: =VLOOKUP(O29,[2]ASIGNATURAS!$F$1:$L$1022, 6, FALSE) -> José Javier Relancio | AQ29: GR. PRÁCTICOS
A30: =VLOOKUP(O30,[2]ASIGNATURAS!$F$1:$L$1022, 3, FALSE) -> FÍSICA I | C30: =VLOOKUP(O30,[2]ASIGNATURAS!$F$1:$L$1022, 4, FALSE) -> Física I | O30: 6304 | S30: =VLOOKUP(O30,[2]ASIGNATURAS!$F$1:$L$1022, 5, FALSE) -> 6 | U30: =VLOOKUP(O30,[2]ASIGNATURAS!$F$1:$L$1022, 6, FALSE) -> Juan José Villalaín, Alfonso Blasco, María del Mar Chichón | AQ30: (101)
A31: =VLOOKUP(O31,[2]ASIGNATURAS!$F$1:$L$1022, 3, FALSE) -> QUÍMICA | C31: =VLOOKUP(O31,[2]ASIGNATURAS!$F$1:$L$1022, 4, FALSE) -> Química | O31: 6305 | S31: =VLOOKUP(O31,[2]ASIGNATURAS!$F$1:$L$1022, 5, FALSE) -> 6 | U31: =VLOOKUP(O31,[2]ASIGNATURAS!$F$1:$L$1022, 6, FALSE) -> Fco. Javier Rodríguez | AQ31: (102)
A32: =VLOOKUP(O32,[2]ASIGNATURAS!$F$1:$L$1022, 3, FALSE) -> EXP. GRÁFICA I | C32: =VLOOKUP(O32,[2]ASIGNATURAS!$F$1:$L$1022, 4, FALSE) -> Expresión Gráfica I | O32: 6306 | S32: =VLOOKUP(O32,[2]ASIGNATURAS!$F$1:$L$1022, 5, FALSE) -> 6 | U32: =VLOOKUP(O32,[2]ASIGNATURAS!$F$1:$L$1022, 6, FALSE) -> Arturo de Román , Elías Martínez | AQ32: (103)(104)(105)
A33: Nota: Estos horarios podrán ser modificados por necesidades docentes (desdoble de grupos, ocupación de laboratorios, contratación de profesorado…)
A34: =VLOOKUP(A37,ASIGNATURAS!$A$2:$D$151, 3, FALSE) -> 1º Grado en Ingeniería Mecánica | AP34: =Aulas!G5 -> Curso 2024-2025
A35: =VLOOKUP(A37,ASIGNATURAS!$A$2:$D$151, 2, FALSE) -> Semestre temporal: 2º (2º Semestre Académico) | AP35: Aula 51-A1
A36: Grupo 1: MANAÑA
A37: GIM_2
A38: Hora | B38: LUNES | L38: MARTES | V38: MIÉRCOLES | AF38: JUEVES | AP38: VIERNES
A39: 08:30 - 09:30 | B39: (101) | C39: Lab 46-A1 | F39: (103) | G39: Lab. Fisica / Aula 31-A2 | L39: (101) | M39: Lab. Fisica / Aula 31-A2 | V39: (101) | W39: Aula 32-A1 (Inf.)/Aula 42-A2 | AB39: (104) | AC39: Lab. Fisica / Aula 36-A2 | AH39: (102) | AI39: Lab. Materiales | AJ39: (103) | AK39: Aula 54-A1 | AP39: (101) | AQ39: Aula 54-A1 | AR39: (102) | AS39: Lab 46-A1 | AT39: (103) | AU39: Aula 32-A1 (Inf.)/Aula 42-A2
B40: INFORMATICA | F40: FISICA II | L40: FISICA II | V40: AMP. CALC. | AB40: FISICA II | AH40: MATERIALES | AJ40: ECONOMIA | AP40: ECONOMIA | AR40: INFORMATICA | AT40: AMP. CALC.
A41: 09:30 - 10:30
A43: 10:30 - 11:30 | B43: MATERIALES | H43: Aula 51-A1 | L43: INFORMATICA | R43: Aula 51-A1 | V43: MATERIALES | AB43: Aula 51-A1 | AF43: AMP. CÁLCULO | AL43: Aula 51-A1 | AP43: ECONOMÍA | AV43: Aula 51-A1
A45: 11:30 - 12:30 | B45: FISICA II | H45: Aula 51-A1 | L45: FISICA II | R45: Aula 51-A1 | V45: AMP. CALC. | AB45: Aula 51-A1 | AF45: ECONOMÍA | AL45: Aula 51-A1 | AP45: INFORMÁTICA | AV45: Aula 51-A1
A47: 12:30 - 13:30 | D47: (102) | E47: Lab. Fisica / Aula 31-A2 | H47: (104) | I47: Lab 46-A1 | AB47: (104) | AC47: Aula 52-A2 (Inf.) / Aula 42-A2 | AH47: (102) | AI47: Aula 51-A1 | AR47: (102) | AS47: Aula 32-A1 (Inf.)/Aula 42-A2 | AT47: (103) | AU47: Lab 46-A1
D48: FISICA II | H48: INFORMATICA | AB48: AMP. CALC. | AH48: ECONOMIA | AR48: AMP. CALC. | AT48: INFORMATICA
A49: 13:30 - 14:30
A51: 16:30 - 17:30 | F51: (103) | G51: Aula 32-A1 (Inf.)/Aula 54-A1 | N51: (102) | O51: Aula 32-A1 (Inf.)/Aula 54-A1 | V51: AMP. CALC. | AB51: Aula 54-A1 | AF51: (101) | AG51: Aula 32-A1 (Inf.)/Aula 54-A1
F52: AMP. CALC. | N52: AMP. CALC. | AF52: AMP. CALC.
A53: 17:30 - 18:30 | V53: AMP. CALC. | AB53: Aula 54-A1
A54: Hora | B54: LUNES | L54: MARTES | V54: MIÉRCOLES | AF54: JUEVES | AP54: VIERNES
A55: 16:30 - 17:30 | Z55: (103) | AA55: Lab. Materiales | AF55: (101) | AG55: Lab. Materiales
Z56: MATERIALES | AF56: MATERIALES
A57: 17:30 - 18:30
A60: Nota: Estos horarios podrán ser modificados por necesidades docentes (desdoble de grupos, ocupación de laboratorios, contratación de profesorado…)
AQ61: GRUPO TEÓRICO (1)
A62: Nombre abreviado | C62: Nombre completo | R62: GIM__2 | T62: ECTS | V62: Profesor / es
A63: =VLOOKUP(R63,ASIGNATURAS!$F$1:$L$1022, 3, FALSE) -> AMP. CALCULO | C63: =VLOOKUP(R63,ASIGNATURAS!$F$1:$L$1022, 4, FALSE) -> Ampliación de Cálculo y Geometría | R63: 6307 | T63: =VLOOKUP(R63,ASIGNATURAS!$F$1:$L$1022, 5, FALSE) -> 6 | V63: =VLOOKUP(R63,ASIGNATURAS!$F$1:$L$1022, 6, FALSE) -> Iván Gutiérrez | AQ63: GR. PRÁCTICOS
A64: =VLOOKUP(R64,ASIGNATURAS!$F$1:$L$1022, 3, FALSE) -> INFORMATICA | C64: =VLOOKUP(R64,ASIGNATURAS!$F$1:$L$1022, 4, FALSE) -> Informática Básica | R64: 6308 | T64: =VLOOKUP(R64,ASIGNATURAS!$F$1:$L$1022, 5, FALSE) -> 6 | V64: =VLOOKUP(R64,ASIGNATURAS!$F$1:$L$1022, 6, FALSE) -> Beatriz Gil, Belen Vaquerizo | AQ64: (101)
A65: =VLOOKUP(R65,ASIGNATURAS!$F$1:$L$1022, 3, FALSE) -> FISICA II | C65: =VLOOKUP(R65,ASIGNATURAS!$F$1:$L$1022, 4, FALSE) -> Física II | R65: 6309 | T65: =VLOOKUP(R65,ASIGNATURAS!$F$1:$L$1022, 5, FALSE) -> 6 | V65: =VLOOKUP(R65,ASIGNATURAS!$F$1:$L$1022, 6, FALSE) -> Mª Isabel Blanco, Mª Felicidad Bógalo, Manuel Iván González | AQ65: (102)
A66: =VLOOKUP(R66,ASIGNATURAS!$F$1:$L$1022, 3, FALSE) -> MATERIALES | C66: =VLOOKUP(R66,ASIGNATURAS!$F$1:$L$1022, 4, FALSE) -> Ciencia de Materiales: Est. y propiedades | R66: 6310 | T66: =VLOOKUP(R66,ASIGNATURAS!$F$1:$L$1022, 5, FALSE) -> 6 | V66: =VLOOKUP(R66,ASIGNATURAS!$F$1:$L$1022, 6, FALSE) -> José Calaf Chica, David Cárdenas | AQ66: (103)
A67: =VLOOKUP(R67,ASIGNATURAS!$F$1:$L$1022, 3, FALSE) -> ECONOMIA | C67: =VLOOKUP(R67,ASIGNATURAS!$F$1:$L$1022, 4, FALSE) -> Economía de la Empresa | R67: 6311 | T67: =VLOOKUP(R67,ASIGNATURAS!$F$1:$L$1022, 5, FALSE) -> 6 | V67: =VLOOKUP(R67,ASIGNATURAS!$F$1:$L$1022, 6, FALSE) -> Juan Mª Espinosa, Rosario González | AQ67: (104)
A69: =VLOOKUP(A72,ASIGNATURAS!$A$2:$D$151, 3, FALSE) -> 2º Grado en Ingeniería Mecánica | AP69: =Aulas!G5 -> Curso 2024-2025
A70: =VLOOKUP(A72,ASIGNATURAS!$A$2:$D$151, 2, FALSE) -> Semestre temporal: 1º (3º Semestre Académico) | AP70: Aula 51-A1
A71: Grupo: TARDE
A72: GIM_3
A73: Hora | B73: LUNES | L73: MARTES | V73: MIÉRCOLES | AF73: JUEVES | AP73: VIERNES
A74: 12:30 - 13:30
A76: 13:30 - 14:30
A78: Hora | B78: LUNES | L78: MARTES | V78: MIÉRCOLES | AF78: JUEVES | AP78: VIERNES
A79: 14:30 - 15:30 | B79: ERMAT I | H79: Aula 51-A1 | L79: ERMAT I | R79: Aula 51-A1 | V79: TERMICA I | AB79: Aula 51-A1 | AF79: ING. ELECTRICA | AL79: Aula 51-A1 | AP79: AUTOMATISMOS | AV79: Aula 51-A1
B80: FLUIDOMEC | H80: Aula 51-A1 | K80: 2 | L80: ING. ELECT. | R80: Aula 51-A1 | U80: 2 | V80: TERMICA - I | AB80: Aula 51-A1 | AE80: 2 | AF80: ERMAT - I | AL80: Aula 51-A1 | AO80: 2 | AP80: AUTOMAT | AV80: Aula 51-A1 | AY80: 2
A81: 15:30 - 16:30 | B81: TERMICA I | H81: Aula 51-A1 | L81: ING. ELECTRICA | R81: Aula 51-A1 | V81: FLUIDOMECANICA | AB81: Aula 51-A1 | AF81: AUTOMATISMOS | AL81: Aula 51-A1 | AP81: FLUIDOMECANICA | AV81: Aula 51-A1
B82: TERMICA - I | H82: Aula 51-A1 | K82: 2 | L82: AUTOMAT | R82: Aula 51-A1 | U82: 2 | V82: FLUIDOMEC | AB82: Aula 51-A1 | AE82: 2 | AF82: ING. ELECT. | AL82: Aula 51-A1 | AO82: 2 | AP82: ERMAT - I | AV82: Aula 51-A1 | AY82: 2
A83: 16:30 - 17:30 | B83: (101) | C83: Aula 46-A2 | D83: (102) | E83: Aula 35-A2 / Aula Inf. 1B | F83: (103) | G83: Lab. I. Eléctrica 1 | L83: (101) | M83: Lab. I. Eléctrica 1 | N83: (102) | O83: Aula 46-A2 | P83: (103) | Q83: Lab. Automatica 2 | V83: (101) | W83: Aula 35-A2 / Aula Inf. 1B | X83: (102) | Y83: Aula 33-A2 | Z83: (103) | AA83: Aula 42-A2 | AF83: (101) | AG83: Lab. Automatica 2 | AH83: (102) | AI83: Lab. Ing. Eléctrica 1 | AJ83: (103) | AK83: Aula 35-A2 / Aula Inf. 1B | AP83: (101) | AQ83: Aula 33-A2 | AR83: (102) | AS83: Lab. Automatica 2
B84: ERMAT I | D84: TERMICA I | F84: ING. ELECTRICA | L84: ING. ELECTRICA | N84: ERMAT I | P84: AUTOMATISMOS | V84: TERMICA I | X84: FLUIDOMECANICA | Z84: ERMAT - I | AF84: AUTOMATISMOS | AH84: ING. ELECTRICA | AJ84: TERMICA I | AP84: FLUIDOMECANICA | AR84: AUTOMATISMOS
A85: 17:30 - 18:30
A87: 18:30 - 19:30 | X87: (103) | Y87: Aula 33-A2
X88: FLUIDOMECANICA
A89: 19:30 - 20:30
A92: Nombre abreviado | C92: Nombre completo | O92: GIM__3 | S92: ECTS | U92: Profesor / es | AQ92: GRUPO TEÓRICO (1)
A93: =VLOOKUP(O93,ASIGNATURAS!$F$1:$L$1022, 3, FALSE) -> TERMICA I | C93: =VLOOKUP(O93,ASIGNATURAS!$F$1:$L$1022, 4, FALSE) -> Ingeniería Térmica I | O93: 6312 | S93: =VLOOKUP(O93,ASIGNATURAS!$F$1:$L$1022, 5, FALSE) -> 6 | U93: =VLOOKUP(O93,ASIGNATURAS!$F$1:$L$1022, 6, FALSE) -> David González
A94: =VLOOKUP(O94,ASIGNATURAS!$F$1:$L$1022, 3, FALSE) -> ING. ELECTRICA | C94: =VLOOKUP(O94,ASIGNATURAS!$F$1:$L$1022, 4, FALSE) -> Fundamentos de Ingeniería Eléctrica | O94: 6313 | S94: =VLOOKUP(O94,ASIGNATURAS!$F$1:$L$1022, 5, FALSE) -> 6 | U94: =VLOOKUP(O94,ASIGNATURAS!$F$1:$L$1022, 6, FALSE) -> Victoria Abad San Martín | AQ94: GR. PRÁCTICOS
A95: =VLOOKUP(O95,ASIGNATURAS!$F$1:$L$1022, 3, FALSE) -> ERMAT I | C95: =VLOOKUP(O95,ASIGNATURAS!$F$1:$L$1022, 4, FALSE) -> Elasticidad y Resistencia de Materiales | O95: 6314 | S95: =VLOOKUP(O95,ASIGNATURAS!$F$1:$L$1022, 5, FALSE) -> 6 | U95: =VLOOKUP(O95,ASIGNATURAS!$F$1:$L$1022, 6, FALSE) -> Isidoro Iván Cuesta | AQ95: (101)
A96: =VLOOKUP(O96,ASIGNATURAS!$F$1:$L$1022, 3, FALSE) -> FLUIDOMECANICA | C96: =VLOOKUP(O96,ASIGNATURAS!$F$1:$L$1022, 4, FALSE) -> Ingeniería Fluidomecánica | O96: 6315 | S96: =VLOOKUP(O96,ASIGNATURAS!$F$1:$L$1022, 5, FALSE) -> 6 | U96: =VLOOKUP(O96,ASIGNATURAS!$F$1:$L$1022, 6, FALSE) -> Jose Antonio Barón Aguado | AQ96: (102)
A97: =VLOOKUP(O97,ASIGNATURAS!$F$1:$L$1022, 3, FALSE) -> AUTOMATISMOS | C97: =VLOOKUP(O97,ASIGNATURAS!$F$1:$L$1022, 4, FALSE) -> Automatismos y Control Industrial | O97: 6316 | S97: =VLOOKUP(O97,ASIGNATURAS!$F$1:$L$1022, 5, FALSE) -> 6 | U97: =VLOOKUP(O97,ASIGNATURAS!$F$1:$L$1022, 6, FALSE) -> Juan Vicente Martín Fraile | AQ97: (103)
AQ98: (104)
A101: Nota: Estos horarios podrán ser modificados por necesidades docentes (desdoble de grupos, ocupación de laboratorios, contratación de profesorado…)
A103: =VLOOKUP(A106,ASIGNATURAS!$A$2:$D$151, 3, FALSE) -> 2º Grado en Ingeniería Mecánica | AP103: =Aulas!G5 -> Curso 2024-2025
A104: =VLOOKUP(A106,ASIGNATURAS!$A$2:$D$151, 2, FALSE) -> Semestre temporal: 2º (4º Semestre Académico) | AP104: Aula 52-A1
A105: Grupo: TARDE
A106: GIM_4
A107: Hora | B107: LUNES | L107: MARTES | V107: MIÉRCOLES | AF107: JUEVES | AP107: VIERNES
A108: 12:30 - 13:30
A110: 13:30 - 14:30
A112: Hora | B112: LUNES | L112: MARTES | V112: MIÉRCOLES | AF112: JUEVES | AP112: VIERNES
A113: 14:30 - 15:30 | B113: ELECTRONICA | H113: Aula 52-A1 | L113: MECANISMOS | R113: Aula 52-A1 | V113: E.C.N. | AB113: Aula 52-A1 | AF113: EXP. GRAFICA II | AL113: Aula 41-A2
L114: ESTADISTICA | V114: ORGANIZACIÓN | AF114: EXP GRAF II
A115: 15:30 - 16:30 | B115: E.C.N. | H115: Aula 52-A1 | L115: ORGANIZACION | R115: Aula 52-A1 | V115: ORGANIZACION | AB115: Aula 52-A1 | AF115: ELECTRONICA | AL115: Aula 52-A1
B116: ORGANIZACIÓN | L116: MECANISMOS | V116: ORGANIZACIÓN | AF116: ELECTRONICA
A117: 16:30 - 17:30 | B117: (101) | C117: Aula 51-A2 (Inf.) | D117: (102) | E117: Aula 46-A2 | F117: (103) | G117: Lab. Electrónica 1 | L117: (101) | M117: Lab. 22-A1 | N117: (102) | O117: Aula 55-A2 (CAD) / 41-A2 (Tab) | P117: (103) | Q117: Aula 46-A2 | V117: (101) | W117: Aula 55-A2 (CAD) / 41-A2 (Tab) | X117: (102) | Y117: Lab. 22-A1 | AF117: MECANISMOS | AL117: Aula 52-A1
B118: E.C.N. | D118: MECANISMOS | F118: ELECTRONICA | L118: ORGANIZACION | N118: EXP. GRAFICA II | P118: MECANISMOS | V118: EXP. GRAFICA II | X118: ORGANIZACION | AF118: ESTADISTICA
A119: 17:30 - 18:30 | AH119: (102) | AI119: Lab. Electrónica 1 | AJ119: (103) | AK119: Aula 55-A2 (CAD) / 41-A2 (Tab)
AH120: ELECTRONICA | AJ120: EXP. GRAFICA II
...

Sheet GIOI
A1: =VLOOKUP(A4,ASIGNATURAS!$A$2:$D$151, 3, FALSE) -> 1º Grado en Ingeniería de Organización Industrial | Z1: =Aulas!G5 -> Curso 2024-2025
A2: =VLOOKUP(A4,ASIGNATURAS!$A$2:$D$151, 2, FALSE) -> Semestre temporal: 1º (1º Semestre Académico) | Z2: Aula 52-A1
A3: Grupo: MANAÑA
A4: GIO_1
A5: Hora | B5: LUNES | H5: MARTES | N5: MIÉRCOLES | T5: JUEVES | Z5: VIERNES
A6: 08:30 - 09:30 | B6: INFORMATICA | H6: QUIMICA | N6: QUIMICA | T6: INFORMATICA | Z6: EXP. GRAFICA I
B7: Aula 52-A1 | H7: Aula 52-A1 | N7: Aula 52-A1 | T7: Aula 52-A1 | Z7: Aula 41-A2
A8: 09:30 - 10:30 | B8: CALCULO | H8: FISICA I | N8: FISICA I | T8: CALCULO | Z8: (101) | AA8: Aula 53-A2 (CAD) / 41-A2 (Tab) | AD8: (103) | AE8: Aula 55-A2 (CAD) / 41-A2 (Tab)
B9: Aula 52-A1 | H9: Aula 52-A1 | N9: Aula 52-A1 | T9: Aula 52-A1 | Z9: EXP. GRAFICA I | AD9: EXP. GRAFICA I
A10: 10:30 - 11:30 | B10: (101) | C10: Lab 46-A1 | D10: (102) | E10: Aula 51-A2 (Inf.) | H10: (101) | I10: Lab. Química | J10: (102) | K10: Lab. Fisica / Aula 31-A2 | L10: (103) | M10: Aula 51-A2 (Inf.) | N10: (101) | O10: Lab. Fisica / Aula 31-A2 | V10: DRAWING I
B11: INFORMATICA | D11: CALCULO | H11: QUIMICA | J11: FISICA I | L11: CALCULO | N11: FISICA I | V11: Aula 53-A2 (CAD)
A12: 11:30 - 12:30 | V12: (801) | W12: Aula 53-A2 (CAD) / 41-A2 (Tab)
V13: DRAWING I
A14: 12:30 - 13:30 | B14: (101) | C14: Aula 51-A2 (Inf.) | D14: (102) | E14: Lab 46-A1 | L14: (102) | M14: Lab. Química
B15: CALCULO | D15: INFORMATICA | L15: QUIMICA
A16: 13:30 - 14:30
A19: Nombre abreviado | C19: Nombre completo | M19: GIO__1 | O19: ECTS | Q19: Profesor / es
A20: =VLOOKUP(M20,ASIGNATURAS!$F$1:$L$1022, 3, FALSE) -> CALCULO | C20: =VLOOKUP(M20,ASIGNATURAS!$F$1:$L$1022, 4, FALSE) -> Cálculo | M20: 9115 | O20: =VLOOKUP(M20,ASIGNATURAS!$F$1:$L$1022, 5, FALSE) -> 6 | Q20: =VLOOKUP(M20,ASIGNATURAS!$F$1:$L$1022, 6, FALSE) -> Jose Luis Fernández, Silvia Alvárez de Eulate
A21: =VLOOKUP(M21,ASIGNATURAS!$F$1:$L$1022, 3, FALSE) -> FISICA I | C21: =VLOOKUP(M21,ASIGNATURAS!$F$1:$L$1022, 4, FALSE) -> Física I | M21: 9116 | O21: =VLOOKUP(M21,ASIGNATURAS!$F$1:$L$1022, 5, FALSE) -> 6 | Q21: =VLOOKUP(M21,ASIGNATURAS!$F$1:$L$1022, 6, FALSE) -> María del Mar Chichón González
A22: =VLOOKUP(M22,ASIGNATURAS!$F$1:$L$1022, 3, FALSE) -> EXP. GRAFICA I | C22: =VLOOKUP(M22,ASIGNATURAS!$F$1:$L$1022, 4, FALSE) -> Expresión Gráfica E/I (Español/Inglés) | M22: 9117 | O22: =VLOOKUP(M22,ASIGNATURAS!$F$1:$L$1022, 5, FALSE) -> 6 | Q22: =VLOOKUP(M22,ASIGNATURAS!$F$1:$L$1022, 6, FALSE) -> M. Esther Baños García, Esteban García
A23: =VLOOKUP(M23,ASIGNATURAS!$F$1:$L$1022, 3, FALSE) -> INFORMATICA | C23: =VLOOKUP(M23,ASIGNATURAS!$F$1:$L$1022, 4, FALSE) -> Informática Básica | M23: 9118 | O23: =VLOOKUP(M23,ASIGNATURAS!$F$1:$L$1022, 5, FALSE) -> 6 | Q23: =VLOOKUP(M23,ASIGNATURAS!$F$1:$L$1022, 6, FALSE) -> Ángel Arroyo Puente,
A24: =VLOOKUP(M24,ASIGNATURAS!$F$1:$L$1022, 3, FALSE) -> QUIMICA | C24: =VLOOKUP(M24,ASIGNATURAS!$F$1:$L$1022, 4, FALSE) -> Química | M24: 9119 | O24: =VLOOKUP(M24,ASIGNATURAS!$F$1:$L$1022, 5, FALSE) -> 6 | Q24: =VLOOKUP(M24,ASIGNATURAS!$F$1:$L$1022, 6, FALSE) -> Luis Marcos Naveira
A27: GRUPOS TEÓRICOS = 1/2
A28: GRUPOS PRÁCTICOS = 3
A29: Los alumnos bilingües y los repetidores,tienen que coger el grupo de prácticas 102 para las asignaturas "solo" en español
A32: Nota: Estos horarios podrán ser modificados por necesidades docentes (desdoble de grupos, ocupación de laboratorios, contratación de profesorado…)
A34: =VLOOKUP(A37,ASIGNATURAS!$A$2:$D$151, 3, FALSE) -> 1º Grado en Ingeniería de Organización Industrial | Z34: =Z1 -> Curso 2024-2025
A35: =VLOOKUP(A37,ASIGNATURAS!$A$2:$D$151, 2, FALSE) -> Semestre temporal: 2º (2º Semestre Académico) | Z35: Aula 52A1/32 A2
A36: Grupo: MANAÑA
A37: GIO_2
A38: Hora | B38: LUNES | H38: MARTES | N38: MIÉRCOLES | T38: JUEVES | Z38: VIERNES
A39: 08:30 - 09:30 | D39: (801) | E39: Lab. Materiales | H39: ALGEBRA | N39: AMP. CALCULO | T39: AMP. CALCULO | Z39: MATERIALES | AC39: ENG. MATERIALS
D40: ENG. MATERIALS | H40: Aula 52-A1 | N40: Aula 52-A1 | T40: Aula 52-A1 | Z40: Aula 52-A1 | AC40: Aula 32-A2
A41: 09:30 - 10:30 | H41: ALGEBRA | N41: FISICA II | T41: FISICA II | Z41: MATERIALES | AC41: ENG. MATERIALS
H42: Aula 52-A1 | N42: Aula 52-A1 | T42: Aula 52-A1 | Z42: Aula 52-A1 | AC42: Aula 32-A2
A43: 10:30 - 11:30 | B43: (101) | C43: Lab. Fisica / Aula 34-A2 | F43: (103) | G43: Aula Inf. 2B / Aula 42-A2 | H43: ECONOMIA | N43: (101) | O43: Aula 33-A2 / 32-A1(Inf.) | P43: (102) | Q43: Aula 51-A2 / Aula 31-A2 | R43: (103) | S43: Lab. Fisica / Aula 34-A2 | T43: (101) | U43: Aula 51-A2 / Aula 31-A2 | V43: (102) | W43: Lab. Fisica / Aula 34-A2 | X43: (103) | Y43: Aula 42-A2 / 32-A1(Inf.) | AD43: (103) | AE43: Aula 51-A2 / Aula 31-A2
B44: FISICA II | F44: ECONOMIA | H44: Aula 31-A2 | N44: ALGEBRA | P44: AMP. CALCULO | R44: FISICA II | T44: AMP. CALCULO | V44: FISICA II | X44: ALGEBRA | AD44: AMP. CALCULO
A45: 11:30 - 12:30 | H45: ECONOMIA
H46: Aula 31-A2
A47: 12:30 - 13:30 | B47: (101) | C47: Aula Inf. 2B / Aula 42-A2 | P47: (102) | Q47: Aula 34-A2 / 32-A1(Inf.) | X47: (101) | Y47: Lab. Materiales
B48: ECONOMIA | P48: ALGEBRA | X48: MATERIALES
A49: 13:30 - 14:30
A51: Hora | B51: LUNES | H51: MARTES | N51: MIÉRCOLES | T51: JUEVES | Z51: VIERNES
A52: 15:30 - 16:30
A54: 16:30 - 17:30
A56: 17:30 - 18:30
A59: Nombre abreviado | C59: Nombre completo | M59: GIO__2 | O59: ECTS | Q59: Profesor / es
A60: =VLOOKUP(M60,ASIGNATURAS!$F$1:$L$1022, 3, FALSE) -> ALGEBRA | C60: =VLOOKUP(M60,ASIGNATURAS!$F$1:$L$1022, 4, FALSE) -> Álgebra y Ecuaciones Diferenciales | M60: 9120 | O60: =VLOOKUP(M60,ASIGNATURAS!$F$1:$L$1022, 5, FALSE) -> 6 | Q60: =VLOOKUP(M60,ASIGNATURAS!$F$1:$L$1022, 6, FALSE) -> Javier Relancio
A61: =VLOOKUP(M61,ASIGNATURAS!$F$1:$L$1022, 3, FALSE) -> FISICA II | C61: =VLOOKUP(M61,ASIGNATURAS!$F$1:$L$1022, 4, FALSE) -> Física II | M61: 9121 | O61: =VLOOKUP(M61,ASIGNATURAS!$F$1:$L$1022, 5, FALSE) -> 6 | Q61: =VLOOKUP(M61,ASIGNATURAS!$F$1:$L$1022, 6, FALSE) -> Fernando Manuel García Reguera
A62: =VLOOKUP(M62,ASIGNATURAS!$F$1:$L$1022, 3, FALSE) -> AMP. CALCULO | C62: =VLOOKUP(M62,ASIGNATURAS!$F$1:$L$1022, 4, FALSE) -> Ampliación de Cálculo y Geometría | M62: 9122 | O62: =VLOOKUP(M62,ASIGNATURAS!$F$1:$L$1022, 5, FALSE) -> 6 | Q62: =VLOOKUP(M62,ASIGNATURAS!$F$1:$L$1022, 6, FALSE) -> Antonio Manzano Rodríguez
A63: =VLOOKUP(M63,ASIGNATURAS!$F$1:$L$1022, 3, FALSE) -> ECONOMIA | C63: =VLOOKUP(M63,ASIGNATURAS!$F$1:$L$1022, 4, FALSE) -> Economía de la Empresa | M63: 9123 | O63: =VLOOKUP(M63,ASIGNATURAS!$F$1:$L$1022, 5, FALSE) -> 6 | Q63: =VLOOKUP(M63,ASIGNATURAS!$F$1:$L$1022, 6, FALSE) -> Ignacio Fontaneda
A64: =VLOOKUP(M64,ASIGNATURAS!$F$1:$L$1022, 3, FALSE) -> MATERIALES | C64: =VLOOKUP(M64,ASIGNATURAS!$F$1:$L$1022, 4, FALSE) -> Ciencia de Materiales: Est. y propiedades E/I | M64: 9124 | O64: =VLOOKUP(M64,ASIGNATURAS!$F$1:$L$1022, 5, FALSE) -> 6 | Q64: =VLOOKUP(M64,ASIGNATURAS!$F$1:$L$1022, 6, FALSE) -> Pedro Miguel Bravo, José Calaf , Mónica Preciado
A67: GRUPOS TEÓRICOS = 1/2
A68: GRUPOS PRÁCTICOS = 3
A70: Nota: Estos horarios podrán ser modificados por necesidades docentes (desdoble de grupos, ocupación de laboratorios, contratación de profesorado…)
A71: Docencia en Español, aula 52A1/ docencia en Inglés aula 32A2
A73: =VLOOKUP(A76,ASIGNATURAS!$A$2:$D$151, 3, FALSE) -> 2º Grado en Ingeniería de Organización Industrial | Z73: =Z1 -> Curso 2024-2025
A74: =VLOOKUP(A76,ASIGNATURAS!$A$2:$D$151, 2, FALSE) -> Semestre temporal: 1º (3º Semestre Académico) | Z74: Aula 52A1/32 A2
A75: Grupo: TARDE
A76: GIO_3
A77: Hora | B77: LUNES | H77: MARTES | N77: MIÉRCOLES | T77: JUEVES | Z77: VIERNES
A78: 14:30 - 15:30 | B78: (101) | C78: Aula 33-A2/Aula 22-A1 | D78: (102) | E78: Lab. Ing. Eléctrica | F78: E-ELASTICITY | H78: ERMAT | I78: (101) | J78: Aula 52-A1 | K78: ORGANIZACION | L78: (102) | M78: Lab. 24-A1 | Q78: E-ELECT | R78: (801) | S78: Lab. Ing. Eléctrica | T78: (101) | U78: Lab. 24-A1 | X78: E-AUTOM | Y78: Lab. Automatica 1 | Z78: E- FLUID
B79: FLUIDOMECANICA | D79: ING. ELECTRICA | F79: Aula 32-A2 | T79: ORGANIZACION | Z79: Aula 32-A2
A80: 15:30 - 16:30 | F80: E-ELASTICITY | N80: ING. ELECTRICA | Z80: E- FLUID
F81: Aula 32-A2 | N81: Aula 52-A1 | Z81: Aula 32-A2
A82: 16:30 - 17:30 | B82: AUTOMATISMOS | E82: E- FLUID | F82: (801) | G82: Aula 32-A2 | H82: ERMAT | K82: E-ELECT | N82: ING. ELECTRICA | Q82: E-AUTOM | R82: (801) | S82: Lab. Automatica 1 | T82: ORGANIZACION | Z82: FLUIDOMECANICA | AC82: E-ELASTICITY | AD82: (801) | AE82: Aula 32-A2
B83: Aula 52-A1 | H83: Aula 52-A1 | K83: Aula 32-A2 | N83: Aula 52-A1 | T83: Aula 52-A1 | Z83: Aula 52-A1
A84: 17:30 - 18:30 | H84: ORGANIZACIÓN | N84: AUTOMATISMOS | T84: ERMAT | W84: E-ELECT | Z84: FLUIDOMECANICA
H85: Aula 52-A1 | N85: Aula 52-A1 | T85: Aula 52-A1 | W85: Aula 32-A2 | Z85: Aula 52-A1
A86: 18:30 - 19:30 | K86: ING. ELECTRICA | L86: (101) | M86: Lab. Ing. Eléctrica | Q86: AUTOMATISMOS | R86: (101) | S86: Lab. Automatica 1 | T86: FLUIDOMECANICA | U86: (102) | V86: Aula 33-A2/Aula 24-A1
A88: 19:30 - 20:30
A93: Nombre abreviado | C93: Nombre completo | M93: GIO__3 | O93: ECTS | Q93: Profesor / es
A94: =VLOOKUP(M94,ASIGNATURAS!$F$1:$L$1022, 3, FALSE) -> AUTOMATISMOS | C94: =VLOOKUP(M94,ASIGNATURAS!$F$1:$L$1022, 4, FALSE) -> Automatismos y Control Industrial I/E | M94: 9125 | O94: =VLOOKUP(M94,ASIGNATURAS!$F$1:$L$1022, 5, FALSE) -> 6 | Q94: =VLOOKUP(M94,ASIGNATURAS!$F$1:$L$1022, 6, FALSE) -> José Manuel Luis, Alejandro Merino
A95: =VLOOKUP(M95,ASIGNATURAS!$F$1:$L$1022, 3, FALSE) -> ORGANIZACION | C95: =VLOOKUP(M95,ASIGNATURAS!$F$1:$L$1022, 4, FALSE) -> Organización de la Producción | M95: 9126 | O95: =VLOOKUP(M95,ASIGNATURAS!$F$1:$L$1022, 5, FALSE) -> 6 | Q95: =VLOOKUP(M95,ASIGNATURAS!$F$1:$L$1022, 6, FALSE) -> Miguel Angel Manzanedo, Carlos Alonso, Ricardo del Olmo
A96: =VLOOKUP(M96,ASIGNATURAS!$F$1:$L$1022, 3, FALSE) -> ERMAT | C96: =VLOOKUP(M96,ASIGNATURAS!$F$1:$L$1022, 4, FALSE) -> Elasticidad Resistencia de Materialese E/I | M96: 9127 | O96: =VLOOKUP(M96,ASIGNATURAS!$F$1:$L$1022, 5, FALSE) -> 6 | Q96: =VLOOKUP(M96,ASIGNATURAS!$F$1:$L$1022, 6, FALSE) -> Manuel Solaguren-Beascoa, Wilco M.H. Verbeeten
A97: =VLOOKUP(M97,ASIGNATURAS!$F$1:$L$1022, 3, FALSE) -> ING. ELECTRICA | C97: =VLOOKUP(M97,ASIGNATURAS!$F$1:$L$1022, 4, FALSE) -> Fund de Ingeniería Eléctrica E/I | M97: 9128 | O97: =VLOOKUP(M97,ASIGNATURAS!$F$1:$L$1022, 5, FALSE) -> 6 | Q97: =VLOOKUP(M97,ASIGNATURAS!$F$1:$L$1022, 6, FALSE) -> Jesus Sagredo, Javier González, Victoria Abad
A98: =VLOOKUP(M98,ASIGNATURAS!$F$1:$L$1022, 3, FALSE) -> FLUIDOMECANICA | C98: =VLOOKUP(M98,ASIGNATURAS!$F$1:$L$1022, 4, FALSE) -> Ingeniería Fluidomecánica E/I (Español/Inglés) | M98: 9129 | O98: =VLOOKUP(M98,ASIGNATURAS!$F$1:$L$1022, 5, FALSE) -> 6 | Q98: =VLOOKUP(M98,ASIGNATURAS!$F$1:$L$1022, 6, FALSE) -> Jesús Marcos García, José Antonio Barón
A101: GRUPOS TEÓRICOS = 1/2
A102: GRUPOS PRÁCTICOS = 2
A103: Los alumnos bilingües tienen que coger el grupo de prácticas 102 para las asignaturas en español
A104: Nota: Estos horarios podrán ser modificados por necesidades docentes (desdoble de grupos, ocupación de laboratorios, contratación de profesorado…)
A105: Docencia en Español, aula 52A1/ docencia en Inglés aula 32A2
A108: =VLOOKUP(A111,ASIGNATURAS!$A$2:$D$151, 3, FALSE) -> 2º Grado en Ingeniería de Organización Industrial | Z108: =Z1 -> Curso 2024-2025
A109: =VLOOKUP(A111,ASIGNATURAS!$A$2:$D$151, 2, FALSE) -> Semestre temporal: 2º (4º Semestre Académico) | Z109: Aula 34-A2/46-A2
A110: Grupo: TARDE
A111: GIO_4
A112: Hora | B112: LUNES | H112: MARTES | N112: MIÉRCOLES | T112: JUEVES | Z112: VIERNES
A113: 14:30 - 15:30 | B113: EXP. GRAF. II | C113: (101) | D113: Aula 53-A2 (CAD) | H113: (101) | I113: Lab. Electrónica 1 | J113: (102) | K113: Aula Inf. 1B | L113: (801) | M113: Aula 32-A2 | N113: TERMICA I | O113: (101) | P113: Aula Inf. 1B | Q113: ELECTRONICA | R113: (102) | S113: Lab. Electrónica 1 | T113: MECANISMOS
H114: ELECTRONICA | J114: TERMICA I | L114: E-THERMO | T114: Aula 34-A2
A115: 15:30 - 16:30 | E115: E.C.N. | F115: (102) | G115: Aula 52-A2 (Inf.) | T115: MECANISMOS | U115: (101) | V115: Aula 34-A2
A117: 16:30 - 17:30 | H117: EXP. GRÁFICA II | N117: ELECTRONICA
H118: Aula 53-A2 (CAD) | N118: Aula 34-A2
A119: 17:30 - 18:30 | B119: E.C.N. | C119: (101) | D119: Aula 52-A2 (Inf.) | E119: EXP. GRAF. II | F119: (102) | G119: Aula 53-A2 (CAD) | H119: ELECTRONICA | N119: E-THERMODYNAMIC | Q119: TÉRMICA I | T119: TÉRMICA I
H120: Aula 34-A2 | N120: Aula 46-A2 | Q120: Aula 34-A2 | T120: Aula 34-A2
A121: 18:30 - 19:30 | K121: E-THERMODYNAMIC | N121: MECANISMOS | T121: E.C.N.
K122: Aula 46-A2 | N122: Aula 34-A2 | T122: Aula 34-A2
A123: 19:30 - 20:30 | T123: E.C.N.
T124: Aula 34-A2
A126: Nombre abreviado | C126: Nombre completo | M126: GIO__4 | O126: ECTS | Q126: Profesor / es
A127: =VLOOKUP(M127,ASIGNATURAS!$F$1:$L$1022, 3, FALSE) -> EXP. GRÁFICA II | C127: =VLOOKUP(M127,ASIGNATURAS!$F$1:$L$1022, 4, FALSE) -> Expresión Gráfica II | M127: 9130 | O127: =VLOOKUP(M127,ASIGNATURAS!$F$1:$L$1022, 5, FALSE) -> 6 | Q127: =VLOOKUP(M127,ASIGNATURAS!$F$1:$L$1022, 6, FALSE) -> Carlos Melgosa
...

Sheet D_GIM-GIEIA 
A1: 1º Doble Grado en Ingeniería Mecánica e Ingeniería Electrónica Industrial y Automática | Z1: =Aulas!G5 -> Curso 2024-2025
A2: Semestre temporal: 1º (PRIMER SEMESTRE ACADÉMICO) | Z2: Aula 33-A2
A3: Grupo: MANAÑA
A4: DOB_1
A5: Hora | B5: LUNES | H5: MARTES | N5: MIÉRCOLES | T5: JUEVES | Z5: VIERNES
A6: 08:30 - 09:30 | H6: CALCULO | N6: QUIMICA | T6: EXP. GRAFICA I
H7: Aula 33-A2 / Aula 52-A2(Inf.) | N7: Lab. Química / Aula 33-A2 | T7: Aula 55-A2 (CAD) / 41-A2 (Tab)
A8: 9:30 - 10:30 | H8: CALCULO | N8: QUIMICA | T8: EXP. GRAFICA I
H9: Aula 33-A2 / Aula 52-A2(Inf.) | N9: Lab. Química / Aula 33-A2 | T9: Aula 55-A2 (CAD) / 41-A2 (Tab)
A10: 10:30 - 11:30 | B10: FISICA I | H10: QUIMICA | N10: ALGEBRA | T10: EXP. GRAFICA I
B11: Aula 33-A2 | H11: Aula 33-A2 | N11: Aula 33-A2 | T11: Aula 55-A2 (CAD) / 41-A2 (Tab)
A12: 11:30 - 12:30 | B12: FÍSICA I | H12: QUIMICA | N12: ALGEBRA | T12: EXP. GRAFICA I
B13: Aula 33-A2 | H13: Aula 33-A2 | N13: Aula 33-A2 | T13: Aula 55-A2 (CAD) / 41-A2 (Tab)
A14: 12:30 - 13:30 | B14: CALCULO | H14: FISICA I | T14: ALGEBRA
B15: Aula 33-A2 | H15: Lab. Fisica / Aula 33-A2 | T15: Aula 51-A2 (Inf.) / 33-A2
A16: 13:30 - 14:30 | B16: CALCULO | H16: FISICA I | T16: ALGEBRA
B17: Aula 33-A2 | H17: Lab. Fisica / Aula 33-A2 | T17: Aula 51-A2 (Inf.) / 33-A2
A20: Nombre abreviado | C20: Nombre completo | M20: Codigo | O20: ECTS | Q20: Profesor / es
A21: CALCULO | C21: =ASIGNATURAS!I259 -> Cálculo | M21: 7711 | O21: 6 | Q21: =ASIGNATURAS!K259 -> Elena Cebrián de Barrio
A22: ALGEBRA | C22: =ASIGNATURAS!I260 -> Álgebra y Ecuaciones Diferenciales | M22: 7712 | O22: 6 | Q22: =ASIGNATURAS!K260
A23: FISICA I | C23: =ASIGNATURAS!I261 -> Física I | M23: 7713 | O23: 6 | Q23: =ASIGNATURAS!K261 -> Juan José Villalaín ,
A24: QUIMICA | C24: =ASIGNATURAS!I262 -> Química | M24: 7714 | O24: 6 | Q24: =ASIGNATURAS!K262 -> Indalecio Peñacoba, Francisco Javier Rodriguez ,
A25: EXP. GRAF. I | C25: =ASIGNATURAS!I263 -> Expresión Gráfica I | M25: 7715 | O25: 6 | Q25: =ASIGNATURAS!K263 -> Arturo de Román Miguel, Elías Martínez
A28: GRUPOS TEÓRICOS = 1
A29: GRUPOS PRÁCTICOS = 1
A31: Nota: Estos horarios podrán ser modificados por necesidades docentes (desdoble de grupos, ocupación de laboratorios, contratación de profesorado…)
A32: Por necesidades docentes las clases de Cálculo pasan a horario de tarde
A34: 1º Doble Grado en Ingeniería Mecánica e Ingeniería Electrónica Industrial y Automática | Z34: =Z1 -> Curso 2024-2025
A35: Semestre temporal: 2º (SEGUNDO SEMESTRE ACADÉMICO) | Z35: Aula 33-A2
A36: Grupo: MANAÑA
A37: DOB_2
A38: Hora | B38: LUNES | H38: MARTES | N38: MIÉRCOLES | T38: JUEVES | Z38: VIERNES
A39: 08:30 - 09:30 | B39: ECONOMIA | H39: ECONOMIA | N39: FISICA II | T39: EXP. GRAFICA II
B40: Aula 21-A1 | H40: Aula 21-A1 | N40: Aula 33-A2 | T40: Aula 41-A2
A41: 9:30 - 10:30 | B41: ECONOMIA | H41: ECONOMIA | N41: FISICA II | T41: INFORMATICA
B42: Aula 21-A1 | H42: Aula 21-A1 | N42: Aula 33-A2 | T42: Aula 33-A2
A43: 10:30 - 11:30 | B43: EXP. GRAFICA II | H43: FISICA II | N43: INFORMATICA | T43: CIENCIA DE MATERIALES | Z43: AMP. CALCULO
B44: Aula 55-A2 (CAD) / 41-A2 (Tab) | H44: Lab. Fisica / Aula 33-A2 | N44: Lab 46-A1 | T44: Lab. Materiales | Z44: Aula 52-A2 (Inf.)
A45: 11:30 - 12:30 | B45: EXP. GRAFICA II | H45: FISICA II | N45: INFORMATICA | T45: CIENCIA DE MATERIALES | Z45: AMP. CALCULO
B46: Aula 55-A2 (CAD) / 41-A2 (Tab) | H46: Lab. Fisica / Aula 33-A2 | N46: Lab 46-A1 | T46: Lab. Materiales | Z46: Aula 52-A2 (Inf.)
A47: 12:30 - 13:30 | B47: EXP. GRAFICA II | N47: AMP. CALCULO | T47: INFORMATICA | Z47: CIENCIA DE MATERIALES
B48: Aula 55-A2 (CAD) / 41-A2 (Tab) | N48: Aula 33-A2 | T48: Aula 33-A2 | Z48: Aula 33-A2
A49: 13:30 - 14:30 | N49: AMP. CALCULO | Z49: CIENCIA DE MATERIALES
N50: Aula 33-A2 | Z50: Aula 33-A2
A52: Nombre abreviado | C52: =ASIGNATURAS!I264 -> Ampliación de Cálculo y Geometría | M52: Codigo | O52: ECTS | Q52: Profesor / es
A53: AMP. CÁLCULO | C53: =ASIGNATURAS!I264 -> Ampliación de Cálculo y Geometría | M53: 7716 | O53: 6 | Q53: =ASIGNATURAS!K264 -> Leticia Sainz
A54: INFORMÁTICA | C54: =ASIGNATURAS!I265 -> Informática Básica | M54: 7717 | O54: 6 | Q54: =ASIGNATURAS!K265 -> Ángel Arroyo
A55: FÍSICA II | C55: =ASIGNATURAS!I266 -> Física II | M55: 7718 | O55: 6 | Q55: =ASIGNATURAS!K266 -> Mª Felicidad Bogalo Román
A56: CIENCIA DE MATERIALES | C56: =ASIGNATURAS!I267 -> Ciencia de Materiales, Estrucutura y Propiedades | M56: 7719 | O56: 6 | Q56: =ASIGNATURAS!K267 -> Mónica Preciado Calzada, José Ángel Zapatero
A57: ECONOMÍA | C57: =ASIGNATURAS!I268 -> Economía de la Empresa | M57: 7720 | O57: 6 | Q57: =ASIGNATURAS!K268 -> Mª Teresa Peña Pérez
A58: EXP. GRÁFICA II | C58: =ASIGNATURAS!I269 -> Expresión Gráfica II | M58: 7721 | O58: 6 | Q58: =ASIGNATURAS!K269 -> Arturo de Roman Miguel, Esteban García Maté
A60: GRUPOS TEÓRICOS = 1
A61: GRUPOS PRÁCTICOS = 1
A63: Nota: Estos horarios podrán ser modificados por necesidades docentes (desdoble de grupos, ocupación de laboratorios, contratación de profesorado…)
A68: 2º Doble Grado en Ingeniería Mecánica e Ingeniería Electrónica Industrial y Automática | Z68: =Aulas!G5 -> Curso 2024-2025
A69: Semestre temporal: 3º (TERCERO SEMESTRE ACADÉMICO) | Z69: Aula 44-A2
A70: Grupo: MANAÑA
A71: DOB_3
A72: Hora | B72: LUNES | H72: MARTES | N72: MIÉRCOLES | T72: JUEVES | Z72: VIERNES
A73: 08:30 - 09:30 | H73: ING. ELECTRICA | T73: ING. ELECTRICA | Z73: RENOVABLES
H74: Aula 44-A2 | T74: Aula 44-A2 | Z74: Aula 44-A2
A75: 9:30 - 10:30 | B75: PRODUCCION | H75: PRODUCCION | T75: ING. ELECTRICA | Z75: ERMAT I
B76: Aula 44-A2 | H76: Aula 44-A2 | T76: Lab. Ing. Eléctrica | Z76: Aula 44-A2 / Lab MMC
A77: 10:30 - 11:30 | B77: PRODUCCION | H77: RENOVABLES | T77: ING. ELÉCTRICA | Z77: ERMAT I
B78: Lab. 24-A1/ 44-A2 | H78: Aula 44-A2 | T78: Lab. Ing. Eléctrica | Z78: Aula 44-A2 / Lab MMC
A79: 11:30 - 12:30 | B79: PRODUCCION | H79: ERMAT I | N79: ING. TERMICA I | Z79: RENOVABLES
B80: Lab. 24-A1/ 44-A2 | H80: Aula 44-A2 | N80: Aula 44-A2 | Z80: Lab. Quimica / Lab. Fisica
A81: 12:30 - 13:30 | B81: ERMAT I | H81: ERMAT I | N81: ING. TERMICA I | Z81: RENOVABLES
B82: Aula 44-A2 | H82: Aula 44-A2 / Lab MMC | N82: Aula 44-A2 / Aula Inf 1B | Z82: Lab. Quimica / Lab. Fisica
A83: 13:30 - 14:30 | B83: ING. TERMICA I | H83: ERMAT I | N83: ING. TERMICA I
B84: Aula 44-A2 | H84: Aula 44-A2 / Lab MMC | N84: Aula 44-A2 / Aula Inf 1B
A85: Hora | B85: LUNES | H85: MARTES | N85: MIÉRCOLES | T85: JUEVES | Z85: VIERNES
A86: 16:30 - 17:30 | H86: E.C.N. | T86: E.C.N.
H87: Aula 35-A2 | T87: Aula 51-A2 (Inf.)
A88: 17:30 - 18:30 | H88: E.C.N. | T88: E.C.N.
H89: Aula 35-A2 | T89: Aula 51-A2 (Inf.)
A91: Nombre abreviado | C91: Nombre completo | M91: Codigo | O91: ECTS | Q91: Profesor / es
A92: ING. TERMICA I | C92: =ASIGNATURAS!I270 -> Ingeniería Térmica I | M92: 7722 | O92: 6 | Q92: =ASIGNATURAS!K270 -> Cristina Alonso Tristán
A93: ING. ELÉCTRICA | C93: =ASIGNATURAS!I271 -> Fundamentos de Ingeniería Eléctrica | M93: 7723 | O93: 6 | Q93: =ASIGNATURAS!K271 -> Jesús Sagredo González
A94: ERMAT-I | C94: =ASIGNATURAS!I272 -> Elasticidad y Resistencia de Materiales | M94: 7724 | O94: 6 | Q94: =ASIGNATURAS!K272 -> Isidoro Ivan Cuesta
A95: E.C.N. | C95: =ASIGNATURAS!I273 -> Estadística y Cálculo Numérico | M95: 7725 | O95: 6 | Q95: =ASIGNATURAS!K273
A96: PRODUCCIÓN | C96: =ASIGNATURAS!I274 -> Organización de la Producción | M96: 7726 | O96: 6 | Q96: =ASIGNATURAS!K274 -> Miguel Angel Manzanedo, Ricardo del Olmo, Oscar González
A97: RENOVABLES | C97: =ASIGNATURAS!I275 -> Energías Renovables y Medio Ambiente | M97: 7727 | O97: 6 | Q97: =ASIGNATURAS!K275 -> Manuel Iván González, Fco Javier Rodríguez
A100: GRUPOS TEÓRICOS = 1
A101: GRUPOS PRÁCTICOS = 1
A103: Nota: Estos horarios podrán ser modificados por necesidades docentes (desdoble de grupos, ocupación de laboratorios, contratación de profesorado…)
A109: 2º Doble Grado en Ingeniería Mecánica e Ingeniería Electrónica Industrial y Automática | Z109: =Aulas!G5 -> Curso 2024-2025
A110: Semestre temporal: 4º (CUARTO SEMESTRE ACADÉMICO) | Z110: Aula 46-A2
A111: Grupo: MANAÑA
A112: DOB_4
A113: Hora | B113: LUNES | H113: MARTES | N113: MIÉRCOLES | T113: JUEVES | Z113: VIERNES
A114: 08:30 - 09:30 | B114: CIRCUITOS | H114: MECANISMOS | N114: FLUIDOMECANICA | T114: FUND. ELECTRONICA
B115: Lab. Automatica 2 | H115: Aula 44-A2 | N115: Aula 44-A2 | T115: Lab. Electrónica 1
A116: 9:30 - 10:30 | B116: CIRCUITOS | H116: MECANISMOS | N116: FLUIDOMECANICA | T116: FUND. ELECTRONICA
B117: Lab. Automatica 2 | H117: Aula 44-A2 | N117: Aula 44-A2 | T117: Lab. Electrónica 1
A118: 10:30 - 11:30 | B118: CIRCUITOS | H118: CIRCUITOS | N118: FUND. ELECTRONICA | T118: MECANISMOS
B119: Aula 46-A2 | H119: Aula 46-A2 | N119: Aula 46-A2 | T119: Aula 46-A2
A120: 11:30 - 12:30 | B120: AUTOMATISMOS | H120: AUTOMATISMOS | N120: FUND. ELECTRONICA | T120: MECANISMOS
B121: Aula 46-A2 | H121: Aula 46-A2 | N121: Aula 46-A2 | T121: Aula 46-A2
A122: 12:30 - 13:30 | B122: AUTOMATISMOS | T122: FLUIDOMECANICA
...

Sheet GII (primero)
A1: =VLOOKUP(A4,ASIGNATURAS!$A$2:$D$151, 3, FALSE) -> 1º Grado en Ingeniería Informática | AT1: =Aulas!G5 -> Curso 2024-2025
A2: =VLOOKUP(A4,ASIGNATURAS!$A$2:$D$151, 2, FALSE) -> Semestre temporal: 1º (1º Semestre Académico) | AT2: Aula 53,54A1
A3: Grupo: MANAÑA
A4: GII_1
A5: Hora | B5: LUNES | N5: MARTES | Z5: MIÉRCOLES | AJ5: JUEVES | AT5: VIERNES
A6: 08:30 - 09:30 | B6: FUND. FÍSICOS | J6: Aula 53-A1 | M6: 1 | N6: MAT DISCRETA | V6: Aula 53-A1 | Y6: 1 | Z6: INFORMÁTICA | AF6: Aula 53-A1 | AI6: 1 | AJ6: FUND. TICS | AP6: Aula 53-A1 | AS6: 1 | AT6: ÁLGEBRA | AZ6: Aula 53-A1 | BC6: 1
B7: FUND. TICS | J7: Aula 54-A1 | M7: 2 | N7: INFORMÁTICA | V7: Aula 54-A1 | Y7: 2 | Z7: MAT DISCRETA | AF7: Aula 54-A1 | AI7: 2 | AJ7: FUND. FÍSICOS | AP7: Aula 54-A1 | AS7: 2 | AT7: ÁLGEBRA | AZ7: Aula 54-A1 | BC7: 2
A8: 09:30 - 10:30 | B8: INFORMÁTICA | J8: Aula 53-A1 | M8: 1 | N8: FUND. TICS | V8: Aula 53-A1 | Y8: 1 | Z8: ÁLGEBRA | AF8: Aula 53-A1 | AI8: 1 | AJ8: MAT DISCRETA | AP8: Aula 53-A1 | AS8: 1 | AT8: FUND. FÍSICOS | AZ8: Aula 53-A1 | BC8: 1
B9: MAT DISCRETA | J9: Aula 54-A1 | M9: 2 | N9: FUND. FÍSICOS | V9: Aula 54-A1 | Y9: 2 | Z9: ÁLGEBRA | AF9: Aula 54-A1 | AI9: 2 | AJ9: INFORMÁTICA | AP9: Aula 54-A1 | AS9: 2 | AT9: FUND. TICS | AZ9: Aula 54-A1 | BC9: 2
A10: 10:30 - 11:30 | B10: (101) | C10: Lab. 22-A1 | F10: (103) | G10: Lab 44-A1 | H10: (201) | I10: Lab. Fisica / Aula 46-A2 | P10: (102) | Q10: Lab. 22-A1 | R10: (103) | S10: Lab. 32-A1 | T10: (201) | U10: Lab 44-A1 | Z10: (101) | AA10: Lab 44-A1 | AB10: (102) | AC10: Lab. Fisica / Aula 46-A2 | AD10: (103) | AE10: Aula 52-A2 (Inf.) | AF10: (201) | AG10: Lab. 32-A1 | AH10: (202) | AI10: Aula 51-A2 (Inf.) | AJ10: (101) | AK10: Aula Inf. 2B | AL10: (102) | AM10: Lab. 32-A1 | AN10: (103) | AO10: Lab. Fisica / Aula 46-A2 | AP10: (201) | AQ10: Lab. 22-A1 | AR10: (202) | AS10: Lab 44-A1 | AT10: (101) | AU10: Lab. Fisica / Aula 46-A2 | AV10: (102) | AW10: Lab 44-A1 | BB10: (202) | BC10: Lab. 22-A1
B11: FUND. TICS | F11: INFORMÁTICA | H11: FUND. FÍSICOS | P11: FUND. TICS | R11: MAT DISCRETA | T11: INFORMÁTICA | Z11: INFORMÁTICA | AB11: FUND. FÍSICOS | AD11: ALGEBRA | AF11: MAT DISCRETA | AH11: ALGEBRA | AJ11: ALGEBRA | AL11: MAT DISCRETA | AN11: FUND. FISICOS | AP11: FUND. TICS | AR11: INFORMÁTICA | AT11: FUND. FÍSICOS | AV11: INFORMÁTICA | BB11: FUND. TICS
A12: 11:30 - 12:30
A14: 12:30 - 13:30 | R14: (103) | S14: Lab. 22-A1 | AF14: (201) | AG14: Aula 52-A2 (Inf.) | AH14: (202) | AI14: Lab. Fisica / Aula 46-A2 | AL14: (102) | AM14: Aula 52-A2 (Inf.)
R15: FUND. TICS | AF15: ALGEBRA | AH15: FUND. FÍSICOS | AL15: ALGEBRA
A16: 13:30 - 14:30
A18: Hora | B18: LUNES | N18: MARTES | Z18: MIÉRCOLES | AJ18: JUEVES | AT18: VIERNES
A19: 16:30 - 17:30 | V19: (202) | W19: Lab. 32-A1 | Z19: (101) | AA19: Lab. 32-A1 MAT
V20: MAT DISCRETA | Z20: MAT DISCRETA
A21: 17:30 - 18:30
A24: Nombre abreviado | F24: Nombre completo | Z24: GII__1 | AD24: ECTS | AH24: Profesor / es
A25: ÁLGEBRA | F25: =VLOOKUP(Z25,ASIGNATURAS!$F$1:$L$1022, 4, FALSE) -> Álgebra Lineal | Z25: 8797 | AD25: =VLOOKUP(Z25,ASIGNATURAS!$F$1:$L$1022, 5, FALSE) -> 6 | AH25: =VLOOKUP(Z25,ASIGNATURAS!$F$1:$L$1022, 6, FALSE) -> Mª Begoña Torres, Zaíra Pérez
A26: INFORMÁTICA | F26: =VLOOKUP(Z26,ASIGNATURAS!$F$1:$L$1022, 4, FALSE) -> Informática Básica | Z26: 8798 | AD26: =VLOOKUP(Z26,ASIGNATURAS!$F$1:$L$1022, 5, FALSE) -> 6 | AH26: =VLOOKUP(Z26,ASIGNATURAS!$F$1:$L$1022, 6, FALSE) -> Virginia Martínez, Mario Martínez
A27: FUND. FÍSICOS | F27: =VLOOKUP(Z27,ASIGNATURAS!$F$1:$L$1022, 4, FALSE) -> Fundamentos Físicos de la Informática | Z27: 8799 | AD27: =VLOOKUP(Z27,ASIGNATURAS!$F$1:$L$1022, 5, FALSE) -> 6 | AH27: =VLOOKUP(Z27,ASIGNATURAS!$F$1:$L$1022, 6, FALSE) -> Fernando Manuel García, Alfredo Bol
A28: MAT DISCRETA | F28: =VLOOKUP(Z28,ASIGNATURAS!$F$1:$L$1022, 4, FALSE) -> Matemática Discreta | Z28: 8800 | AD28: =VLOOKUP(Z28,ASIGNATURAS!$F$1:$L$1022, 5, FALSE) -> 6 | AH28: =VLOOKUP(Z28,ASIGNATURAS!$F$1:$L$1022, 6, FALSE) -> Mª Pilar de las Heras, Alfredo Gordillo
A29: FUND. TICS | F29: =VLOOKUP(Z29,ASIGNATURAS!$F$1:$L$1022, 4, FALSE) -> Fund. Deont. y Jurídicos de las TICs | Z29: 8796 | AD29: =VLOOKUP(Z29,ASIGNATURAS!$F$1:$L$1022, 5, FALSE) -> 6 | AH29: =VLOOKUP(Z29,ASIGNATURAS!$F$1:$L$1022, 6, FALSE) -> Mª del Rosario González, Rosa Sánchez
A30: Nota: Estos horarios podrán ser modificados por necesidades docentes (desdoble de grupos, ocupación de laboratorios, contratación de profesorado…)
A34: =VLOOKUP(A37,ASIGNATURAS!$A$2:$D$151, 3, FALSE) -> 1º Grado en Ingeniería Informática | AT34: =AT1 -> Curso 2024-2025
A35: =VLOOKUP(A37,ASIGNATURAS!$A$2:$D$151, 2, FALSE) -> Semestre temporal: 2º (2º Semestre Académico) | AT35: Aula 51/53 A1
A36: Grupo: MANAÑA
A37: GII_2
A38: Hora | B38: LUNES | N38: MARTES | Z38: MIÉRCOLES | AJ38: JUEVES | AT38: VIERNES
A39: 08:30 - 09:30 | B39: INGLÉS | J39: Aula 51-A1 | M39: 1 | N39: COMPUTADORES | V39: Aula 51-A1 | Y39: 1 | Z39: INGLÉS | AF39: Aula 51-A1 | AI39: 1 | AJ39: SIST. OPERATIV. | AP39: Aula 53-A1 | AS39: 1 | AT39: CÁLCULO | AZ39: Aula 53-A1 | BC39: 1
B40: INGLÉS | J40: Aula 51-A1 | M40: 2 | N40: COMPUTADORES | V40: Aula 51-A1 | Y40: 2 | Z40: INGLÉS | AF40: Aula 51-A1 | AI40: 2 | AJ40: CÁLCULO | AP40: Aula 51-A1 | AS40: 2 | AT40: PROGRAMACIÓN | AZ40: Aula 51-A1 | BC40: 2
A41: 09:30 - 10:30 | B41: PROGRAMACION | J41: Aula 53-A1 | M41: 1 | N41: CÁLCULO | V41: Aula 53-A1 | Y41: 1 | Z41: PROGRAMACIÓN | AF41: Aula 53-A1 | AI41: 1 | AJ41: COMPUTADORES | AP41: Aula 51-A1 | AS41: 1 | AT41: SIST. OPERATIV. | AZ41: Aula 53-A1 | BC41: 1
B42: SIST. OPERATIV. | J42: Aula 51-A1 | M42: 2 | N42: PROGRAMACIÓN | V42: Aula 51-A1 | Y42: 2 | Z42: SIST. OPERATIV. | AF42: Aula 51-A1 | AI42: 2 | AJ42: COMPUTADORES | AP42: Aula 51-A1 | AS42: 2 | AT42: CÁLCULO | AZ42: Aula 51-A1 | BC42: 2
A43: 10:30 - 11:30 | B43: (101) | C43: Aula 51-A2 (Inf.) | D43: (102) | E43: Aula 31-A2 | F43: (103) | G43: Lab 42-A1 | J43: (203) | K43: Lab 44-A1 | L43: (202) | M43: Aula 44-A2 | N43: (101) | O43: Lab 44-A1 | T43: (201) | U43: Aula 44-A2 | V43: (202) | W43: Lab. Electrónica 3 | Z43: (101) | AA43: Aula 44-A2 | AD43: (201) | AE43: Lab. Electrónica 3 | AH43: (202) | AI43: Lab 44-A1 | AL43: (102) | AM43: Lab. Electrónica 3 | AN43: (103) | AO43: Lab 44-A1 | AP43: (201) | AQ43: Aula 52-A2 (Inf.) | AV43: (102) | AW43: Lab 44-A1 | BB43: (202) | BC43: Lab 42-A1
B44: CÁLCULO | D44: INGLÉS | F44: SIST. OPERATIV. | J44: PROGRAMACIÓN | L44: INGLÉS | N44: PROGRAMACIÓN | T44: INGLÉS | V44: COMPUTADORES | Z44: INGLÉS | AD44: COMPUTADORES | AH44: PROGRAMACIÓN | AL44: COMPUTADORES | AN44: PROGRAMACIÓN | AP44: CÁLCULO | AV44: PROGRAMACIÓN | BB44: SIST. OPERATIV.
A45: 11:30 - 12:30
A47: 12:30 - 13:30 | B47: (101) | C47: Lab 42-A1 | D47: (102) | E47: Aula 51-A2 (Inf.) | L47: (202) | M47: Aula 51-A2 (Inf.) | T47: (201) | U47: Lab 42-A1 | Z47: (101) | AA47: Lab. Electrónica 3 | AL47: (102) | AM47: Lab 42-A1 | AN47: (103) | AO47: Aula 52-A2 (Inf.) | AP47: (201) | AQ47: Lab 44-A1
B48: SIST. OPERATIV. | D48: CÁLCULO | L48: CÁLCULO | T48: SIST. OPERATIV. | Z48: COMPUTADORES | AL48: SIST. OPERATIV. | AN48: CÁLCULO | AP48: PROGRAMACIÓN
A49: 13:30 - 14:30
A52: Nombre abreviado | F52: Nombre completo | Z52: GII__2 | AD52: ECTS | AH52: Profesor / es
A53: =VLOOKUP(Z53,ASIGNATURAS!$F$1:$L$1022, 3, FALSE) -> INGLÉS | F53: =VLOOKUP(Z53,ASIGNATURAS!$F$1:$L$1022, 4, FALSE) -> Inglés Aplicado a la Informática | Z53: 8801 | AD53: =VLOOKUP(Z53,ASIGNATURAS!$F$1:$L$1022, 5, FALSE) -> 6 | AH53: =VLOOKUP(Z53,ASIGNATURAS!$F$1:$L$1022, 6, FALSE) -> Parisa del Shad
A54: =VLOOKUP(Z54,ASIGNATURAS!$F$1:$L$1022, 3, FALSE) -> CÁLCULO | F54: =VLOOKUP(Z54,ASIGNATURAS!$F$1:$L$1022, 4, FALSE) -> Cálculo | Z54: 8802 | AD54: =VLOOKUP(Z54,ASIGNATURAS!$F$1:$L$1022, 5, FALSE) -> 6 | AH54: =VLOOKUP(Z54,ASIGNATURAS!$F$1:$L$1022, 6, FALSE) -> Sol García, María Saez-Royuela
A55: =VLOOKUP(Z55,ASIGNATURAS!$F$1:$L$1022, 3, FALSE) -> PROGRAMACIÓN | F55: =VLOOKUP(Z55,ASIGNATURAS!$F$1:$L$1022, 4, FALSE) -> Programación | Z55: 8803 | AD55: =VLOOKUP(Z55,ASIGNATURAS!$F$1:$L$1022, 5, FALSE) -> 6 | AH55: =VLOOKUP(Z55,ASIGNATURAS!$F$1:$L$1022, 6, FALSE) -> Virginia Martínez, Carlos Pardo
A56: =VLOOKUP(Z56,ASIGNATURAS!$F$1:$L$1022, 3, FALSE) -> COMPUTADORES | F56: =VLOOKUP(Z56,ASIGNATURAS!$F$1:$L$1022, 4, FALSE) -> Fundamentos de Computadores | Z56: 8804 | AD56: =VLOOKUP(Z56,ASIGNATURAS!$F$1:$L$1022, 5, FALSE) -> 6 | AH56: =VLOOKUP(Z56,ASIGNATURAS!$F$1:$L$1022, 6, FALSE) -> Pedro Luis Sánchez
A57: =VLOOKUP(Z57,ASIGNATURAS!$F$1:$L$1022, 3, FALSE) -> SIST. OPERATIV. | F57: =VLOOKUP(Z57,ASIGNATURAS!$F$1:$L$1022, 4, FALSE) -> Sistemas Operativos | Z57: 8805 | AD57: =VLOOKUP(Z57,ASIGNATURAS!$F$1:$L$1022, 5, FALSE) -> 6 | AH57: =VLOOKUP(Z57,ASIGNATURAS!$F$1:$L$1022, 6, FALSE) -> José Manuel Sáiz Díez, Ana Searrano
A58: Nota: Estos horarios podrán ser modificados por necesidades docentes (desdoble de grupos, ocupación de laboratorios, contratación de profesorado…)

Sheet GII 
A1: =VLOOKUP(A4,ASIGNATURAS!$A$2:$D$151, 3, FALSE) -> 2º Grado en Ingeniería Informática | AP1: ='GII (primero)'!AT34 -> Curso 2024-2025
A2: =VLOOKUP(A4,ASIGNATURAS!$A$2:$D$151, 2, FALSE) -> Semestre temporal: 1º (3º Semestre Académico) | AP2: Aula 51A1
A3: Grupo: TARDE
A4: GII_3
A5: Hora | B5: LUNES | L5: MARTES | V5: MIÉRCOLES | AF5: JUEVES | AP5: VIERNES
A6: 14:30 - 15:30 | B6: (101) | C6: Lab 44-A1 | F6: (103) | G6: Lab 46-A1 | L6: (201) | M6: Lab Electrónica 3 | N6: (102) | O6: Lab. 32-A1 | P6: (103) | Q6: Aula 51-A2 (Inf.) | V6: (101) | W6: Lab. 32-A1 | X6: (102) | Y6: Lab Electrónica 3 | Z6: (103) | AA6: Lab 44-A1 | AL6: (202) | AM6: Lab 46-A1
B7: BASES DATOS | F7: MET. PROG. | L7: ARQUITEC. COMP. | N7: ESTADISTÍCA | P7: ESTADISTÍCA | V7: ESTADISTÍCA | X7: ARQUITEC. COMP. | Z7: BASES DATOS | AL7: MET. PROG.
A8: 15:30 - 16:30
A10: 16:30 - 17:30 | B10: MET. PROG. | H10: Aula 53-A1 | K10: 1 | L10: ARQUIT. COMP. | R10: Aula 51-A1 | U10: 1 | V10: ESTADISTÍCA | AB10: Aula 53-A1 | AE10: 1 | AF10: ARQUIT. COMP. | AL10: Aula 51-A1 | AO10: 1 | AP10: ESTADISTÍCA | AV10: Aula 53-A1 | AY10: 1
B11: BASES DATOS | H11: Aula 51-A1 | K11: 2 | L11: ARQUIT. COMP. | R11: Aula 51-A1 | U11: 2 | V11: ESTADISTÍCA | AB11: Aula 51-A1 | AE11: 2 | AF11: ARQUIT. COMP. | AL11: Aula 51-A1 | AO11: 2 | AP11: ESTADISTÍCA | AV11: Aula 51-A1 | AY11: 2
A12: 17:30 - 18:30 | B12: BASES DATOS | H12: Aula 53-A1 | K12: 1 | L12: SOFTWARE | R12: Aula 51-A1 | U12: 1 | V12: BASES DATOS | AB12: Aula 53-A1 | AE12: 1 | AF12: SOFTWARE | AL12: Aula 51-A1 | AO12: 1 | AP12: MET. PROG. | AV12: Aula 53-A1 | AY12: 1
B13: MET. PROG. | H13: Aula 51-A1 | K13: 2 | L13: SOFTWARE | R13: Aula 51-A1 | U13: 2 | V13: MET. PROG. | AB13: Aula 51-A1 | AE13: 2 | AF13: SOFTWARE | AL13: Aula 51-A1 | AO13: 2 | AP13: BASES DATOS | AV13: Aula 51-A1 | AY13: 2
A14: 18:30 - 19:30 | B14: (101) | C14: Aula Inf. 1B | D14: (102) | E14: Lab 44-A1 | H14: (201) | I14: Lab 46-A1 | J14: (202) | K14: Lab. 32-A1 | L14: (101) | M14: Lab 46-A1 | N14: (102) | O14: Lab. 24-A1 | R14: (201) | S14: Lab 44-A1 | T14: (202) | U14: Lab Electrónica 3 | Z14: (202) | AA14: Lab. 24-A1 | AB14: (101) | AC14: Lab Electrónica 3 | AD14: (201) | AE14: Lab 46-A1 | AH14: (102) | AI14: Lab 44-A1 | AJ14: (103) | AK14: Lab Electrónica 3 | AL14: (201) | AM14: Lab. 32-A1 | AN14: (202) | AO14: Lab 46-A1
B15: MET. PROG. | D15: BASES DATOS | H15: SOFTWARE | J15: ESTADISTÍCA | L15: SOFTWARE | N15: SOFTWARE | R15: BASES DATOS | T15: ARQUITEC. COMP. | Z15: SOFTWARE | AB15: ARQUITEC. COMP. | AD15: MET. PROG. | AH15: MET. PROG. | AJ15: ARQUIT. COMP. | AL15: ESTADISTÍCA | AN15: BASES DATOS
A16: 19:30 - 20:30
A19: Nombre abreviado | C19: Nombre completo | U19: GII__3 | W19: ECTS | AA19: Profesor / es
A20: =VLOOKUP(U20,ASIGNATURAS!$F$1:$L$1022, 3, FALSE) -> MET. PROG. | C20: =VLOOKUP(U20,ASIGNATURAS!$F$1:$L$1022, 4, FALSE) -> Metodología de la Programación | U20: 8806 | W20: =VLOOKUP(U20,ASIGNATURAS!$F$1:$L$1022, 5, FALSE) -> 6 | AA20: =VLOOKUP(U20,ASIGNATURAS!$F$1:$L$1022, 6, FALSE) -> Raúl Marticorena Sánchez
A21: =VLOOKUP(U21,ASIGNATURAS!$F$1:$L$1022, 3, FALSE) -> ESTADISTÍCA | C21: =VLOOKUP(U21,ASIGNATURAS!$F$1:$L$1022, 4, FALSE) -> Estadística | U21: 8807 | W21: =VLOOKUP(U21,ASIGNATURAS!$F$1:$L$1022, 5, FALSE) -> 6 | AA21: =VLOOKUP(U21,ASIGNATURAS!$F$1:$L$1022, 6, FALSE) -> Diego Sedano, Alvaro Díez
A22: =VLOOKUP(U22,ASIGNATURAS!$F$1:$L$1022, 3, FALSE) -> SOFTWARE | C22: =VLOOKUP(U22,ASIGNATURAS!$F$1:$L$1022, 4, FALSE) -> Ingeniería del Software | U22: 8808 | W22: =VLOOKUP(U22,ASIGNATURAS!$F$1:$L$1022, 5, FALSE) -> 6 | AA22: =VLOOKUP(U22,ASIGNATURAS!$F$1:$L$1022, 6, FALSE) -> Jorge San Miguel Navazo, Belén Vaquerizo
A23: =VLOOKUP(U23,ASIGNATURAS!$F$1:$L$1022, 3, FALSE) -> BASES DATOS | C23: =VLOOKUP(U23,ASIGNATURAS!$F$1:$L$1022, 4, FALSE) -> Bases de Datos | U23: 8809 | W23: =VLOOKUP(U23,ASIGNATURAS!$F$1:$L$1022, 5, FALSE) -> 6 | AA23: =VLOOKUP(U23,ASIGNATURAS!$F$1:$L$1022, 6, FALSE) -> Jesús Manuel Maudes Raedo
A24: =VLOOKUP(U24,ASIGNATURAS!$F$1:$L$1022, 3, FALSE) -> ARQUIT. COMP. | C24: =VLOOKUP(U24,ASIGNATURAS!$F$1:$L$1022, 4, FALSE) -> Arquitectura de Computadores | U24: 8810 | W24: =VLOOKUP(U24,ASIGNATURAS!$F$1:$L$1022, 5, FALSE) -> 6 | AA24: =VLOOKUP(U24,ASIGNATURAS!$F$1:$L$1022, 6, FALSE) -> César Represa Pérez, Ana Serna
A27: GRUPOS TEORICOS = 2
A28: GRUPOS PRÁCTICOS = 4/5
A30: Grupos prácticos en la Matrícula y en horarios: 104 matrícula equivale al 201 en horarios, 105 equivale al 202, el 103 en matrícula solo está en horario para bases de datos, arquitectura de ccomputadores y metodología de la programación
A31: Nota: Estos horarios podrán ser modificados por necesidades docentes (desdoble de grupos, ocupación de laboratorios, contratación de profesorado…)
A34: =VLOOKUP(A37,ASIGNATURAS!$A$2:$D$151, 3, FALSE) -> 2º Grado en Ingeniería Informática | AP34: =AP1 -> Curso 2024-2025
A35: =VLOOKUP(A37,ASIGNATURAS!$A$2:$D$151, 2, FALSE) -> Semestre temporal: 2º (4º Semestre Académico) | AP35: Aula 53-A1
A36: Grupo: TARDE
A37: GII_4
A38: Hora | B38: LUNES | L38: MARTES | V38: MIÉRCOLES | AF38: JUEVES | AP38: VIERNES
A39: 14:30 - 15:30 | D39: (102) | E39: Lab. Automatica 2 | H39: (201) | I39: Lab 46-A1 | L39: (101) | M39: Aula 21-A1 | R39: (201) | S39: Lab. Automatica 2 | T39: (202) | U39: Lab 42-A1 | V39: (101) | W39: Lab 46-A1 | X39: (102) | Y39: Aula 21-A1 | AH39: (102) | AI39: Lab 46-A1 | AL39: (201) | AM39: Aula 21-A1 | AN39: (202) | AO39: Lab. Automatica 2 | AP39: (101) | AQ39: Lab. Automatica 2 | AR39: (102) | AS39: Lab 42-A1 | AV39: (201) | AW39: Lab 46-A1
D40: REDES | H40: HOMBRE-MAQ. | L40: ORGANIZACIÓN | R40: REDES | T40: HOMBRE-MAQ. | V40: HOMBRE-MAQ. | X40: ORGANIZACIÓN | AH40: SISTEMAS | AL40: ORGANIZACIÓN | AN40: REDES | AP40: REDES | AR40: HOMBRE-MAQ. | AV40: SISTEMAS
A41: 15:30 - 16:30
A43: 16:30 - 17:30 | B43: ORGANIZACIÓN | H43: Sala Juntas 2 | K43: 1 | L43: SISTEMAS | R43: Aula 53-A1 | U43: 1 | V43: HOMBRE-MAQ. | AB43: Aula 53-A1 | AE43: 1 | AP43: EST. DATOS | AV43: Aula 53-A1 | AY43: 1
B44: ORGANIZACIÓN | H44: Sala Juntas 2 | K44: 2 | L44: SISTEMAS | R44: Aula 53-A1 | U44: 2 | V44: HOMBRE-MAQ. | AB44: Aula 53-A1 | AE44: 2 | AF44: REDES | AL44: Aula 51-A1 | AO44: 2 | AP44: REDES | AV44: Aula 51-A1 | AY44: 2
A45: 17:30 - 18:30 | B45: ORGANIZACIÓN | H45: Sala Juntas 2 | K45: 1 | L45: HOMBRE-MAQ. | R45: Aula 53-A1 | U45: 1 | V45: SISTEMAS | AB45: Aula 53-A1 | AE45: 1 | AF45: REDES | AL45: Aula 53-A1 | AO45: 1 | AP45: REDES | AV45: Aula 53-A1 | AY45: 1
B46: ORGANIZACIÓN | H46: Sala Juntas 2 | K46: 2 | L46: HOMBRE-MAQ. | R46: Aula 53-A1 | U46: 2 | V46: SISTEMAS | AB46: Aula 53-A1 | AE46: 2 | AF46: EST. DATOS | AL46: Aula 51-A1 | AO46: 2 | AP46: EST. DATOS | AV46: Aula 51-A1 | AY46: 2
A47: 18:30 - 19:30 | B47: (101) | C47: Lab 46-A1 | R47: (201) | S47: Lab 46-A1 | X47: (102) | Y47: Lab 46-A1 | AF47: (101) | AG47: Lab 46-A1 | AN47: (202) | AO47: Lab 44-A1 | AP47: EST. DATOS | AT47: Aula 53-A1 | AW47: 1 | AX47: (202) | AY47: Lab 46-A1
B48: EST. DATOS | R48: EST. DATOS | X48: EST. DATOS | AF48: SISTEMAS | AN48: EST. DATOS | AX48: SISTEMAS
A49: 19:30 - 20:30
A52: Nombre abreviado | C52: Nombre completo | U52: GII__4 | W52: ECTS | AA52: Profesor / es
A53: =VLOOKUP(U53,ASIGNATURAS!$F$1:$L$1022, 3, FALSE) -> EST. DATOS | C53: =VLOOKUP(U53,ASIGNATURAS!$F$1:$L$1022, 4, FALSE) -> Estructuras de Datos | U53: 8811 | W53: =VLOOKUP(U53,ASIGNATURAS!$F$1:$L$1022, 5, FALSE) -> 6 | AA53: =VLOOKUP(U53,ASIGNATURAS!$F$1:$L$1022, 6, FALSE) -> Bruno Baruque Zanón, Ramón Moreno, Francisco Godoy
A54: =VLOOKUP(U54,ASIGNATURAS!$F$1:$L$1022, 3, FALSE) -> REDES | C54: =VLOOKUP(U54,ASIGNATURAS!$F$1:$L$1022, 4, FALSE) -> Redes | U54: 8812 | W54: =VLOOKUP(U54,ASIGNATURAS!$F$1:$L$1022, 5, FALSE) -> 6 | AA54: =VLOOKUP(U54,ASIGNATURAS!$F$1:$L$1022, 6, FALSE) -> Rubén Ruiz, Alejandro Merino
A55: =VLOOKUP(U55,ASIGNATURAS!$F$1:$L$1022, 3, FALSE) -> HOMBRE-MAQ. | C55: =VLOOKUP(U55,ASIGNATURAS!$F$1:$L$1022, 4, FALSE) -> Interacción Hombre-Máquina | U55: 8813 | W55: =VLOOKUP(U55,ASIGNATURAS!$F$1:$L$1022, 5, FALSE) -> 6 | AA55: =VLOOKUP(U55,ASIGNATURAS!$F$1:$L$1022, 6, FALSE) -> Diego Granados
A56: =VLOOKUP(U56,ASIGNATURAS!$F$1:$L$1022, 3, FALSE) -> ORGANIZACIÓN | C56: =VLOOKUP(U56,ASIGNATURAS!$F$1:$L$1022, 4, FALSE) -> Fundamentos de Organización y Gestión de Empresas | U56: 8814 | W56: =VLOOKUP(U56,ASIGNATURAS!$F$1:$L$1022, 5, FALSE) -> 6 | AA56: =VLOOKUP(U56,ASIGNATURAS!$F$1:$L$1022, 6, FALSE) -> Mª Teresa Peña Pérez, Santiago Arcos Arcos
A57: =VLOOKUP(U57,ASIGNATURAS!$F$1:$L$1022, 3, FALSE) -> SISTEMAS | C57: =VLOOKUP(U57,ASIGNATURAS!$F$1:$L$1022, 4, FALSE) -> Análisis y Diseño de Sistemas | U57: 8815 | W57: =VLOOKUP(U57,ASIGNATURAS!$F$1:$L$1022, 5, FALSE) -> 6 | AA57: =VLOOKUP(U57,ASIGNATURAS!$F$1:$L$1022, 6, FALSE) -> Carlos Cambra, Mª Teresa Vicente, Rubén Lesmes
A60: GRUPOS TEORICOS = 2
A61: GRUPOS PRÁCTICOS = 3/4/5
A63: Nota: Estos horarios podrán ser modificados por necesidades docentes (desdoble de grupos, ocupación de laboratorios, contratación de profesorado…)
A64: Grupos prácticos en la Matrícula y en horarios: 104 matrícula equivale al 201 en horarios, 105 equivale al 202,
A66: =VLOOKUP(A69,ASIGNATURAS!$A$2:$D$151, 3, FALSE) -> 3º Grado en Ingeniería Informática | AP66: =AP1 -> Curso 2024-2025
A67: =VLOOKUP(A69,ASIGNATURAS!$A$2:$D$151, 2, FALSE) -> Semestre temporal: 1º (5º Semestre Académico) | AP67: Aula 53A1
A68: Grupo: MANAÑA
A69: GII_5
A70: Hora | B70: LUNES | L70: MARTES | V70: MIÉRCOLES | AF70: JUEVES | AP70: VIERNES
A71: 08:30 - 09:30 | B71: (101) | C71: Lab. 22-A1 / 42-A1 | D71: (102) | E71: Lab Electrónica 3 | F71: (103) | G71: Lab 46-A1 | L71: (101) | M71: Lab 44-A1 | N71: (102) | O71: Lab. 22-A1 / 42-A1 | P71: (103) | Q71: Lab Electrónica 3 | V71: (101) | W71: Lab Electrónica 3 | X71: (102) | Y71: Lab 46-A1 | Z71: (103) | AA71: Lab 44-A1 | AF71: (101) | AG71: Lab 42-A1 | AH71: (102) | AI71: Lab 44-A1 | AJ71: (103) | AK71: Lab 46-A1 | AL71: (104) | AM71: Lab Electrónica 3 | AP71: (101) | AQ71: Lab 44-A1 | AR71: (102) | AS71: Lab 46-A1 | AT71: (103) | AU71: Lab. 22-A1 / 42-A1
B72: GEST. PROYECTOS | D72: AR PARALELAS | F72: SIST. Y REDES | L72: SIST. INTELIG. | N72: GEST. PROYECTOS | P72: AR PARALELAS | V72: AR PARALELAS | X72: PROC. LENGUAJE | Z72: SIST. INTELIG. | AF72: SIST. Y REDES | AH72: SIST. INTELIG. | AJ72: PROC. LENGUAJE | AL72: AR PARALELAS | AP72: PROC. LENGUAJE | AR72: SIST. Y REDES | AT72: GEST. PROYECTOS
A73: 09:30 - 10:30
A75: 10:30 - 11:30 | B75: ARQ. PARALELAS | L75: PROC. LENGUAJE | V75: ARQ. PARALELAS | AF75: SIST. Y REDES | AP75: SIST. Y REDES
B76: Aula 53-A1 | L76: Aula 53-A1 | V76: Aula 53-A1 | AF76: Aula 53-A1 | AP76: Aula 53-A1
A77: 11:30 - 12:30 | B77: GEST. PROYECTOS | L77: GEST. PROYECTOS | V77: SIST. INTELIG. | AF77: SIST. INTELIG. | AP77: PROC. LENGUAJE
B78: Aula 53-A1 | L78: Aula 53-A1 | V78: Aula 53-A1 | AF78: Aula 53-A1 | AP78: Aula 53-A1
A79: 12:30 - 13:30
A81: 13:30 - 14:30
A84: Nombre abreviado | C84: Nombre completo | U84: GII__5 | W84: ECTS | AA84: Profesor / es
A85: =VLOOKUP(U85,ASIGNATURAS!$F$1:$L$1022, 3, FALSE) -> AR PARALELAS | C85: =VLOOKUP(U85,ASIGNATURAS!$F$1:$L$1022, 4, FALSE) -> Arquitecturas Paralelas | U85: 8816 | W85: =VLOOKUP(U85,ASIGNATURAS!$F$1:$L$1022, 5, FALSE) -> 6 | AA85: =VLOOKUP(U85,ASIGNATURAS!$F$1:$L$1022, 6, FALSE) -> José Cámara Nebreda, Fernando Rivas
A86: =VLOOKUP(U86,ASIGNATURAS!$F$1:$L$1022, 3, FALSE) -> SIST. INTELIG. | C86: =VLOOKUP(U86,ASIGNATURAS!$F$1:$L$1022, 4, FALSE) -> Sistemas Inteligentes | U86: 8817 | W86: =VLOOKUP(U86,ASIGNATURAS!$F$1:$L$1022, 5, FALSE) -> 6 | AA86: =VLOOKUP(U86,ASIGNATURAS!$F$1:$L$1022, 6, FALSE) -> César García Osorio, Pedro Latorre Carmona
A87: =VLOOKUP(U87,ASIGNATURAS!$F$1:$L$1022, 3, FALSE) -> GEST. PROYECTOS | C87: =VLOOKUP(U87,ASIGNATURAS!$F$1:$L$1022, 4, FALSE) -> Gestión de Proyectos | U87: 8818 | W87: =VLOOKUP(U87,ASIGNATURAS!$F$1:$L$1022, 5, FALSE) -> 6 | AA87: =VLOOKUP(U87,ASIGNATURAS!$F$1:$L$1022, 6, FALSE) -> Jose Manuel Galán, Daniel Urda, Carlos López, Virginia Ahedo
A88: =VLOOKUP(U88,ASIGNATURAS!$F$1:$L$1022, 3, FALSE) -> SIST. Y REDES | C88: =VLOOKUP(U88,ASIGNATURAS!$F$1:$L$1022, 4, FALSE) -> Diseño y Admin. de Sistemas y Redes | U88: 8819 | W88: =VLOOKUP(U88,ASIGNATURAS!$F$1:$L$1022, 5, FALSE) -> 6 | AA88: =VLOOKUP(U88,ASIGNATURAS!$F$1:$L$1022, 6, FALSE) -> Jose Manuel Saiz Diez, Ignacio Pardo Aguilar
A89: =VLOOKUP(U89,ASIGNATURAS!$F$1:$L$1022, 3, FALSE) -> PROC. LENGUAJE | C89: =VLOOKUP(U89,ASIGNATURAS!$F$1:$L$1022, 4, FALSE) -> Procesadores del Lenguaje | U89: 8820 | W89: =VLOOKUP(U89,ASIGNATURAS!$F$1:$L$1022, 5, FALSE) -> 6 | AA89: =VLOOKUP(U89,ASIGNATURAS!$F$1:$L$1022, 6, FALSE) -> César Ignacio García, Álvar Arnaiz González
A92: GRUPOS TEORICOS = 1
A93: GRUPOS PRÁCTICOS = 3
A95: * La asignatura Gestión de proyectos a partir de la 7ª semana cambia al laboratorio 42 A1 según horario
A96: Nota: Estos horarios podrán ser modificados por necesidades docentes (desdoble de grupos, ocupación de laboratorios, contratación de profesorado…)
A98: =VLOOKUP(A101,ASIGNATURAS!$A$2:$D$151, 3, FALSE) -> 3º Grado en Ingeniería Informática | AP98: =AP1 -> Curso 2024-2025
A99: =VLOOKUP(A101,ASIGNATURAS!$A$2:$D$151, 2, FALSE) -> Semestre temporal: 2º (6º Semestre Académico) | AP99: Aula 53-A1
A100: Grupo: MANAÑA
A101: GII_6
A102: Hora | B102: LUNES | L102: MARTES | V102: MIÉRCOLES | AF102: JUEVES | AP102: VIERNES
A103: 08:30 - 09:30 | B103: (101) | C103: Lab 44-A1 | D103: (102) | E103: Lab. Automatica 1 | F103: (103) | G103: Lab 42-A1 | L103: (101) | M103: Lab. Automatica 1 | P103: (103) | Q103: Lab 44-A1 | V103: (101) | W103: Lab 42-A1 | X103: (102) | Y103: Lab 44-A1 | Z103: (103) | AA103: Lab. Automatica 1 | AF103: (101) | AG103: Lab 44-A1 | AR103: (102) | AS103: Lab 42-A1 | AT103: (103) | AU103: Lab 44-A1
B104: SEGURIDAD | D104: PROG. CONCUR. | F104: ALGORITMIA | L104: PROG. CONCUR. | P104: APL. BASES DAT. | V104: ALGORITMIA | X104: SEGURIDAD | Z104: PROG. CONCUR. | AF104: APL. BASES DAT. | AR104: APL. BASES DAT. | AT104: SEGURIDAD
A105: 09:30 - 10:30
A107: 10:30 - 11:30 | B107: PROG. CONCUR. | L107: PROG. CONCUR. | V107: SEGURIDAD | AF107: APL. BASES DAT. | AP107: APL. BASES DAT.
B108: Aula 53-A1 | L108: Aula 53-A1 | V108: Aula 53-A1 | AF108: Aula 53-A1 | AP108: Aula 53-A1
A109: 11:30 - 12:30 | B109: ALGORITMIA | V109: ALGORITMIA | AP109: SEGURIDAD
B110: Aula 53-A1 | V110: Aula 53-A1 | AP110: Aula 53-A1
A111: 12:30 - 13:30 | X111: (102) | Y111: Lab 42-A1
X112: ALGORITMIA
A113: 13:30 - 14:30
A115: Hora | B115: LUNES | L115: MARTES | V115: MIÉRCOLES | AF115: JUEVES | AP115: VIERNES
A116: 14:30 - 15:30
A118: 15:30 - 16:30 | AF118: MÉTODOS NUM.
AF119: Aula 53-A1
A120: 16:30 - 17:30 | AF120: MÉTODOS NUM.
AF121: Aula 53-A1
A122: 17:30 - 18:30 | B122: (101) | C122: Lab. 32-A1 | N122: (102) | O122: Lab. 32-A1 | AJ122: (103) | AK122: Lab. 32-A1
B123: MÉTODOS NUM. | N123: MÉTODOS NUM. | AJ123: MÉTODOS NUM.
A124: 18:30 - 19:30
A127: Nombre abreviado | C127: Nombre completo | U127: GII__6 | W127: ECTS | AA127: Profesor / es
A128: =VLOOKUP(U128,ASIGNATURAS!$F$1:$L$1022, 3, FALSE) -> ALGORITMIA | C128: =VLOOKUP(U128,ASIGNATURAS!$F$1:$L$1022, 4, FALSE) -> Algorítmia | U128: 8824 | W128: =VLOOKUP(U128,ASIGNATURAS!$F$1:$L$1022, 5, FALSE) -> 6 | AA128: =VLOOKUP(U128,ASIGNATURAS!$F$1:$L$1022, 6, FALSE) -> Juan José Rodríguez Diez
...

Sheet MINFORM
A1: =VLOOKUP(A4,ASIGNATURAS!$A$2:$D$151, 3, FALSE) -> 1º Máster en Ingeniería Informática | Z1: =Aulas!G5 -> Curso 2024-2025
A2: =VLOOKUP(A4,ASIGNATURAS!A2:D151, 2, FALSE) -> Semestre temporal: 1º (1º Semestre Académico) | Z2: Aula 32-A2
A3: Grupo: TARDE
A4: MINF_1
A5: Hora | B5: LUNES | H5: MARTES | N5: MIÉRCOLES | T5: JUEVES | Z5: VIERNES
A6: 15:30 - 16:30 | B6: GESTION TIC | H6: INT. ARTIFICIAL | N6: ARQ. Y SERV. INT. | T6: ARQ. AVANZADAS | Z6: SIST. INFORM.
B7: Aula 32-A2 | H7: Aula 32-A2 | N7: Aula 32-A2 | T7: Aula 32-A2 | Z7: Aula 32-A2
A8: 16:30 - 17:30 | B8: GESTION TIC | H8: ARQ. AVANZADAS | N8: ARQ. Y SERV. INT. | T8: INT. ARTIFICIAL | Z8: SIST. INFORM.
B9: Aula 32-A2 | H9: Aula 32-A2 | N9: Aula 32-A2 | T9: Aula 32-A2 | Z9: Aula 32-A2
A10: 17:30 - 18:30 | B10: SIST. INFORM. | H10: ARQ. AVANZADAS | N10: GESTION TIC | T10: INT. ARTIFICIAL
B11: Lab. 32-A1 | H11: Lab. 26-A1 | N11: Lab. 24-A1 | T11: Lab. 34-A1
A12: 18:30 - 19:30 | B12: SIST. INFORM. | H12: ARQ. AVANZADAS | N12: GESTION TIC | T12: INT. ARTIFICIAL
B13: Lab. 32-A1 | H13: Lab. 26-A1 | N13: Lab. 24-A1 | T13: Lab. 34-A1
A14: 19:30 - 20:30 | T14: ARQ. Y SERV. INT.
T15: Lab. 34-A1
A16: 20:30 - 21:30 | T16: ARQ. Y SERV. INT.
T17: Lab. 34-A1
A19: Nombre abreviado | C19: Nombre completo | M19: MII__1 | O19: ECTS | Q19: Profesor / es
A20: =VLOOKUP(M20,ASIGNATURAS!$F$1:$L$1022, 3, FALSE) -> #N/A | C20: =VLOOKUP(M20,ASIGNATURAS!$F$1:$L$1022, 4, FALSE) -> #N/A | M20: 7059 | O20: =VLOOKUP(M20,ASIGNATURAS!$F$1:$L$1022, 5, FALSE) -> #N/A | Q20: =VLOOKUP(M20,ASIGNATURAS!$F$1:$L$1022, 6, FALSE) -> #N/A
A21: =VLOOKUP(M21,ASIGNATURAS!$F$1:$L$1022, 3, FALSE) -> #N/A | C21: =VLOOKUP(M21,ASIGNATURAS!$F$1:$L$1022, 4, FALSE) -> #N/A | M21: 7060 | O21: =VLOOKUP(M21,ASIGNATURAS!$F$1:$L$1022, 5, FALSE) -> #N/A | Q21: =VLOOKUP(M21,ASIGNATURAS!$F$1:$L$1022, 6, FALSE) -> #N/A
A22: =VLOOKUP(M22,ASIGNATURAS!$F$1:$L$1022, 3, FALSE) -> #N/A | C22: =VLOOKUP(M22,ASIGNATURAS!$F$1:$L$1022, 4, FALSE) -> #N/A | M22: 7061 | O22: =VLOOKUP(M22,ASIGNATURAS!$F$1:$L$1022, 5, FALSE) -> #N/A | Q22: =VLOOKUP(M22,ASIGNATURAS!$F$1:$L$1022, 6, FALSE) -> #N/A
A23: =VLOOKUP(M23,ASIGNATURAS!$F$1:$L$1022, 3, FALSE) -> #N/A | C23: =VLOOKUP(M23,ASIGNATURAS!$F$1:$L$1022, 4, FALSE) -> #N/A | M23: 7062 | O23: =VLOOKUP(M23,ASIGNATURAS!$F$1:$L$1022, 5, FALSE) -> #N/A | Q23: =VLOOKUP(M23,ASIGNATURAS!$F$1:$L$1022, 6, FALSE) -> #N/A
A24: =VLOOKUP(M24,ASIGNATURAS!$F$1:$L$1022, 3, FALSE) -> #N/A | C24: =VLOOKUP(M24,ASIGNATURAS!$F$1:$L$1022, 4, FALSE) -> #N/A | M24: 7063 | O24: =VLOOKUP(M24,ASIGNATURAS!$F$1:$L$1022, 5, FALSE) -> #N/A | Q24: =VLOOKUP(M24,ASIGNATURAS!$F$1:$L$1022, 6, FALSE) -> #N/A
A27: GRUPOS TEORICOS = 1
A28: GRUPOS PRACTICOS = 1
A30: Nota: Estos horarios podrán ser modificados por necesidades docentes (desdoble de grupos, ocupación de laboratorios, contratación de profesorado…)
A32: =VLOOKUP(A35,ASIGNATURAS!$A$2:$D$151, 3, FALSE) -> 1º Máster en Ingeniería Informática | Z32: =Z1 -> Curso 2024-2025
A33: =VLOOKUP(A35,ASIGNATURAS!$A$2:$D$151, 2, FALSE) -> Semestre temporal: 2º (2º Semestre Académico) | Z33: Aula 32-A2
A34: Grupo: TARDE
A35: MINF_2
A36: Hora | B36: LUNES | H36: MARTES | N36: MIÉRCOLES | T36: JUEVES | Z36: VIERNES
A37: 15:30 - 16:30 | B37: DIRECCION PROY. | H37: INFORM. GRAF. | N37: INST. INF. | T37: AUDITORIA | Z37: INFORM. GRAF.
B38: Aula 32-A2 | H38: Aula 32-A2 | N38: Aula 32-A2 | T38: Aula 32-A2 | Z38: Lab. 34-A1
A39: 16:30 - 17:30 | B39: DIRECCION PROY. | H39: INFORM. GRAF. | N39: INST. INF. | T39: AUDITORIA | Z39: INFORM. GRAF.
B40: Aula 32-A2 | H40: Aula 32-A2 | N40: Aula 32-A2 | T40: Aula 32-A2 | Z40: Lab. 34-A1
A41: 17:30 - 18:30 | B41: INST. INF. | H41: DIRECCION PROY. | N41: AUDITORIA | T41: SIST. EMPOTRAD. | Z41: SIST. EMPOTRAD.
B42: Aula 32-A2 | H42: Lab. 22-A1 | N42: Lab. 32-A1 | T42: Lab. Automatica Aula 34-A1 | Z42: Aula 32-A2
A43: 18:30 - 19:30 | B43: INST. INF. | H43: DIRECCION PROY. | N43: AUDITORIA | T43: SIST. EMPOTRAD. | Z43: SIST. EMPOTRAD.
B44: Aula 32-A2 | H44: Lab. 22-A1 | N44: Lab. 32-A1 | T44: Lab. Automatica Aula 34-A1 | Z44: Aula 32-A2
A45: 19:30 - 20:30
A47: 20:30 - 21:30
A50: Nombre abreviado | C50: Nombre completo | M50: MII__2 | O50: ECTS | Q50: Profesor / es
A51: =VLOOKUP(M51,ASIGNATURAS!$F$1:$L$1022, 3, FALSE) -> #N/A | C51: =VLOOKUP(M51,ASIGNATURAS!$F$1:$L$1022, 4, FALSE) -> #N/A | M51: 7064 | O51: =VLOOKUP(M51,ASIGNATURAS!$F$1:$L$1022, 5, FALSE) -> #N/A | Q51: =VLOOKUP(M51,ASIGNATURAS!$F$1:$L$1022, 6, FALSE) -> #N/A
A52: =VLOOKUP(M52,ASIGNATURAS!$F$1:$L$1022, 3, FALSE) -> #N/A | C52: =VLOOKUP(M52,ASIGNATURAS!$F$1:$L$1022, 4, FALSE) -> #N/A | M52: 7065 | O52: =VLOOKUP(M52,ASIGNATURAS!$F$1:$L$1022, 5, FALSE) -> #N/A | Q52: =VLOOKUP(M52,ASIGNATURAS!$F$1:$L$1022, 6, FALSE) -> #N/A
A53: =VLOOKUP(M53,ASIGNATURAS!$F$1:$L$1022, 3, FALSE) -> #N/A | C53: =VLOOKUP(M53,ASIGNATURAS!$F$1:$L$1022, 4, FALSE) -> #N/A | M53: 7066 | O53: =VLOOKUP(M53,ASIGNATURAS!$F$1:$L$1022, 5, FALSE) -> #N/A | Q53: =VLOOKUP(M53,ASIGNATURAS!$F$1:$L$1022, 6, FALSE) -> #N/A
A54: =VLOOKUP(M54,ASIGNATURAS!$F$1:$L$1022, 3, FALSE) -> #N/A | C54: =VLOOKUP(M54,ASIGNATURAS!$F$1:$L$1022, 4, FALSE) -> #N/A | M54: 7067 | O54: =VLOOKUP(M54,ASIGNATURAS!$F$1:$L$1022, 5, FALSE) -> #N/A | Q54: =VLOOKUP(M54,ASIGNATURAS!$F$1:$L$1022, 6, FALSE) -> #N/A
A55: =VLOOKUP(M55,ASIGNATURAS!$F$1:$L$1022, 3, FALSE) -> #N/A | C55: =VLOOKUP(M55,ASIGNATURAS!$F$1:$L$1022, 4, FALSE) -> #N/A | M55: 7068 | O55: =VLOOKUP(M55,ASIGNATURAS!$F$1:$L$1022, 5, FALSE) -> #N/A | Q55: =VLOOKUP(M55,ASIGNATURAS!$F$1:$L$1022, 6, FALSE) -> #N/A
A58: GRUPOS TEORICOS = 1
A59: GRUPOS PRACTICOS = 1
A61: Nota: Estos horarios podrán ser modificados por necesidades docentes (desdoble de grupos, ocupación de laboratorios, contratación de profesorado…)
A64: =VLOOKUP(A67,ASIGNATURAS!$A$2:$D$151, 3, FALSE) -> 2º Máster en Ingeniería Informática | Z64: =Z1 -> Curso 2024-2025
A65: =VLOOKUP(A67,ASIGNATURAS!$A$2:$D$151, 2, FALSE) -> Semestre temporal: 1º (3º Semestre Académico) | Z65: Aula 52-A1
A66: Grupo: TARDE
A67: MINF_3
A68: Hora | B68: LUNES | H68: MARTES | N68: MIÉRCOLES | T68: JUEVES | Z68: VIERNES
A69: 08:30 - 09:30
A71: 09:30 - 10:30
A73: 10:30 - 11:30
A75: 11:30 - 12:30
A77: 12:30 - 13:30
A79: 13:30 - 14:30
A81: Hora | B81: LUNES | H81: MARTES | N81: MIÉRCOLES | T81: JUEVES | Z81: VIERNES
A82: 15:30 - 16:30
A84: 16:30 - 17:30
A86: 17:30 - 18:30 | B86: PERIFERICOS AV | H86: PERIFERICOS AV | Z86: APLICACIONES I.A.
B87: Lab. Tecn- Electronica 2 | H87: Lab. Tecn- Electronica 2 | Z87: Lab. 34-A1
A88: 18:30 - 19:30 | B88: PERIFERICOS AV | H88: PERIFERICOS AV | Z88: APLICACIONES I.A.
B89: Lab. Tecn- Electronica 2 | H89: Lab. Tecn- Electronica 2 | Z89: Lab. 34-A1
A90: 19:30 - 20:30 | B90: DESARROLLO AGIL | H90: APLICACIONES I.A. | T90: DESARROLLO AGIL
B91: Aula 35-A2 | H91: Lab. 32-A1 | T91: Lab. 34-A1
A92: 20:30 - 21:30 | B92: DESARROLLO AGIL | H92: APLICACIONES I.A. | T92: DESARROLLO AGIL
B93: Aula 35-A2 | H93: Lab. 32-A1 | T93: Lab. 34-A1
A96: Nombre abreviado | C96: Nombre completo | M96: MII__3 | O96: ECTS | Q96: Profesor / es
A97: =VLOOKUP(M97,ASIGNATURAS!$F$1:$L$1022, 3, FALSE) -> #N/A | C97: =VLOOKUP(M97,ASIGNATURAS!$F$1:$L$1022, 4, FALSE) -> #N/A | M97: 7069 | O97: =VLOOKUP(M97,ASIGNATURAS!$F$1:$L$1022, 5, FALSE) -> #N/A | Q97: =VLOOKUP(M97,ASIGNATURAS!$F$1:$L$1022, 6, FALSE) -> #N/A
A98: =VLOOKUP(M98,ASIGNATURAS!$F$1:$L$1022, 3, FALSE) -> #N/A | C98: =VLOOKUP(M98,ASIGNATURAS!$F$1:$L$1022, 4, FALSE) -> #N/A | M98: 7070 | O98: =VLOOKUP(M98,ASIGNATURAS!$F$1:$L$1022, 5, FALSE) -> #N/A | Q98: =VLOOKUP(M98,ASIGNATURAS!$F$1:$L$1022, 6, FALSE) -> #N/A
A99: =VLOOKUP(M99,ASIGNATURAS!$F$1:$L$1022, 3, FALSE) -> #N/A | C99: =VLOOKUP(M99,ASIGNATURAS!$F$1:$L$1022, 4, FALSE) -> #N/A | M99: 7071 | O99: =VLOOKUP(M99,ASIGNATURAS!$F$1:$L$1022, 5, FALSE) -> #N/A | Q99: =VLOOKUP(M99,ASIGNATURAS!$F$1:$L$1022, 6, FALSE) -> #N/A
A100: =VLOOKUP(M100,ASIGNATURAS!$F$1:$L$1022, 3, FALSE) -> #N/A | C100: =VLOOKUP(M100,ASIGNATURAS!$F$1:$L$1022, 4, FALSE) -> #N/A | M100: 7072 | O100: =VLOOKUP(M100,ASIGNATURAS!$F$1:$L$1022, 5, FALSE) -> #N/A | Q100: =VLOOKUP(M100,ASIGNATURAS!$F$1:$L$1022, 6, FALSE) -> #N/A
A101: =VLOOKUP(M101,ASIGNATURAS!$F$1:$L$1022, 3, FALSE) -> #N/A | C101: =VLOOKUP(M101,ASIGNATURAS!$F$1:$L$1022, 4, FALSE) -> #N/A | M101: 7073 | O101: =VLOOKUP(M101,ASIGNATURAS!$F$1:$L$1022, 5, FALSE) -> #N/A | Q101: =VLOOKUP(M101,ASIGNATURAS!$F$1:$L$1022, 6, FALSE) -> #N/A
A102: =VLOOKUP(M102,ASIGNATURAS!$F$1:$L$1022, 3, FALSE) -> #N/A | C102: =VLOOKUP(M102,ASIGNATURAS!$F$1:$L$1022, 4, FALSE) -> #N/A | M102: 7074 | O102: =VLOOKUP(M102,ASIGNATURAS!$F$1:$L$1022, 5, FALSE) -> #N/A | Q102: =VLOOKUP(M102,ASIGNATURAS!$F$1:$L$1022, 6, FALSE) -> #N/A
A103: =VLOOKUP(M103,ASIGNATURAS!$F$1:$L$1022, 3, FALSE) -> #N/A | C103: =VLOOKUP(M103,ASIGNATURAS!$F$1:$L$1022, 4, FALSE) -> #N/A | M103: 7075 | O103: =VLOOKUP(M103,ASIGNATURAS!$F$1:$L$1022, 5, FALSE) -> #N/A | Q103: =VLOOKUP(M103,ASIGNATURAS!$F$1:$L$1022, 6, FALSE) -> #N/A
A104: =VLOOKUP(M104,ASIGNATURAS!$F$1:$L$1022, 3, FALSE) -> #N/A | C104: =VLOOKUP(M104,ASIGNATURAS!$F$1:$L$1022, 4, FALSE) -> #N/A | M104: 7076 | O104: =VLOOKUP(M104,ASIGNATURAS!$F$1:$L$1022, 5, FALSE) -> #N/A | Q104: =VLOOKUP(M104,ASIGNATURAS!$F$1:$L$1022, 6, FALSE) -> #N/A
A106: GRUPOS TEORICOS = 1 | F106: GRUPOS PRACTICOS = 1
A108: Nota: Estos horarios podrán ser modificados por necesidades docentes (desdoble de grupos, ocupación de laboratorios, contratación de profesorado…)

Sheet MINDUST
A1: =VLOOKUP(A4,ASIGNATURAS!$A$2:$D$138, 3, FALSE) -> 1º Máster en Ingeniería Industrial | Z1: =Aulas!G5 -> Curso 2024-2025
A2: =VLOOKUP(A4,ASIGNATURAS!A2:D138, 2, FALSE) -> Semestre temporal: 1º (1º Semestre Académico) | Z2: Aula 31-A2
A3: Grupo: TARDE
A4: MIND_1
A5: Hora | B5: LUNES | H5: MARTES | N5: MIÉRCOLES | T5: JUEVES | Z5: VIERNES
A6: 14:30 - 15:30
A8: 15:30 - 16:30
A10: 16:30 - 17:30 | B10: TECN. ESTRUCT. | H10: GESTIÓN | N10: QUÍMICA IND. | T10: SIST. ELÉCTRIC. | Z10: DERECHO
B11: Lab. MMC | H11: Aula 31-A2 | N11: Aula 31-A2 | T11: Aula 31-A2 | Z11: Aula 31-A2
A12: 17:30 - 18:30 | B12: TECN. ESTRUCT. | H12: GESTIÓN | N12: QUÍMICA IND. | T12: SIST. ELÉCTRIC. | Z12: DERECHO
B13: Lab. MMC | H13: Aula 31-A2 | N13: Aula 31-A2 | T13: Aula 31-A2 | Z13: Aula 31-A2
A14: 18:30 - 19:30 | B14: GESTIÓN | H14: SIST. ELÉCTRIC. | N14: TECN. ESTRUCT. | T14: FABRIC. Y MAQ. | Z14: FABRIC. Y MAQ.
B15: Aula 31 A2/ Lab 22-A1 | H15: Aula 31-A2 | N15: Lab. MMC | T15: Aula 31A2 / Aula Inf1B | Z15: Aula 31A2 / Aula Inf1B
A16: 19:30 - 20:30 | B16: GESTIÓN | H16: SIST. ELÉCTRIC. | N16: TECN. ESTRUCT. | T16: FABRIC. Y MAQ. | Z16: FABRIC. Y MAQ.
B17: Aula 31 A2/ Lab 22-A1 | H17: Aula 31-A2 | N17: Lab. MMC | T17: Aula 31A2 / Aula Inf1B | Z17: Aula 31A2 / Aula Inf1B
A19: Nombre abreviado | C19: Nombre completo | M19: MIND__1 | O19: ECTS | Q19: Profesor / es
A20: =VLOOKUP(M20,ASIGNATURAS!$F$1:$L$1022, 3, FALSE) -> TECN. ESTRUCT. | C20: =VLOOKUP(M20,ASIGNATURAS!$F$1:$L$1022, 4, FALSE) -> Tecnología de Estructuras | M20: 7036 | O20: =VLOOKUP(M20,ASIGNATURAS!$F$1:$L$1022, 5, FALSE) -> 6 | Q20: =VLOOKUP(M20,ASIGNATURAS!$F$1:$L$1022, 6, FALSE) -> Luis Suarez Vivar, Wilco Verbeeten
A21: =VLOOKUP(M21,ASIGNATURAS!$F$1:$L$1022, 3, FALSE) -> GESTIÓN | C21: =VLOOKUP(M21,ASIGNATURAS!$F$1:$L$1022, 4, FALSE) -> Gestión de Empresas | M21: 7037 | O21: =VLOOKUP(M21,ASIGNATURAS!$F$1:$L$1022, 5, FALSE) -> 6 | Q21: =VLOOKUP(M21,ASIGNATURAS!$F$1:$L$1022, 6, FALSE) -> Juan José Lavios Villahoz
A22: =VLOOKUP(M22,ASIGNATURAS!$F$1:$L$1022, 3, FALSE) -> FABRIC. Y MAQ. | C22: =VLOOKUP(M22,ASIGNATURAS!$F$1:$L$1022, 4, FALSE) -> Fabricación y Máquinas | M22: 7038 | O22: =VLOOKUP(M22,ASIGNATURAS!$F$1:$L$1022, 5, FALSE) -> 6 | Q22: =VLOOKUP(M22,ASIGNATURAS!$F$1:$L$1022, 6, FALSE) -> Francisco Javier Gómez Gil
A23: =VLOOKUP(M23,ASIGNATURAS!$F$1:$L$1022, 3, FALSE) -> SIST. ELÉCTRIC. | C23: =VLOOKUP(M23,ASIGNATURAS!$F$1:$L$1022, 4, FALSE) -> Sistemas Eléctricos de Potencia | M23: 7039 | O23: =VLOOKUP(M23,ASIGNATURAS!$F$1:$L$1022, 5, FALSE) -> 6 | Q23: =VLOOKUP(M23,ASIGNATURAS!$F$1:$L$1022, 6, FALSE) -> Jesús Sagredo González
A24: =VLOOKUP(M24,ASIGNATURAS!$F$1:$L$1022, 3, FALSE) -> DERECHO | C24: =VLOOKUP(M24,ASIGNATURAS!$F$1:$L$1022, 4, FALSE) -> Derecho Mercantil y Laboral | M24: 7040 | O24: =VLOOKUP(M24,ASIGNATURAS!$F$1:$L$1022, 5, FALSE) -> 3 | Q24: =VLOOKUP(M24,ASIGNATURAS!$F$1:$L$1022, 6, FALSE) -> Juan Cruz Monje Santillana
A25: =VLOOKUP(M25,ASIGNATURAS!$F$1:$L$1022, 3, FALSE) -> QUÍMICA IND. | C25: =VLOOKUP(M25,ASIGNATURAS!$F$1:$L$1022, 4, FALSE) -> Química Industrial | M25: 7041 | O25: =VLOOKUP(M25,ASIGNATURAS!$F$1:$L$1022, 5, FALSE) -> 3 | Q25: =VLOOKUP(M25,ASIGNATURAS!$F$1:$L$1022, 6, FALSE) -> Fco. Javier Rodríguez Vidal, Luis Marcos Naveira
A28: GRUPOS TEÓRICOS = 1
A29: GRUPOS PRÁCTICOS = 1
A31: Nota: Estos horarios podrán ser modificados por necesidades docentes (desdoble de grupos, ocupación de laboratorios, contratación de profesorado…)
A33: =VLOOKUP(A36,ASIGNATURAS!$A$2:$D$138, 3, FALSE) -> 1º Máster en Ingeniería Industrial | Z33: =Z1 -> Curso 2024-2025
A34: =VLOOKUP(A36,ASIGNATURAS!$A$2:$D$138, 2, FALSE) -> Semestre temporal: 2º (2º Semestre Académico) | Z34: Aula 33-A2
A35: Grupo: TARDE
A36: MIND_2
A37: Hora | B37: LUNES | H37: MARTES | N37: MIÉRCOLES | T37: JUEVES | Z37: VIERNES
A38: 14:30 - 15:30
A40: 15:30 - 16:30
A42: 16:30 - 17:30 | B42: CONST. Y EDIFIC. | H42: ING. ENERGÉTICA | N42: DIRECCIÓN PROD. | T42: DIRECCIÓN PROD. | Z42: ING. ELECTRÓN.
B43: Aula 33-A2 | H43: Aula 33-A2 | N43: Aula 33A2 / Aula Inf 2B | T43: Aula Inf. 2 B | Z43: Aula 33-A2
A44: 17:30 - 18:30 | B44: CONST. Y EDIFIC. | H44: ING. ENERGÉTICA | N44: DIRECCIÓN PROD. | T44: DIRECCIÓN PROD. | Z44: ING. ELECTRÓN.
B45: Aula 33-A2 | H45: Aula 33-A2 | N45: Aula 33A2 / Aula Inf 2B | T45: Aula Inf. 2 B | Z45: Aula 33-A2
A46: 18:30 - 19:30 | B46: ING. ENERGÉTICA | H46: CONST. Y EDIFIC. | N46: ING. ELECTRÓN. | T46: CONT. PROCESOS | Z46: CONT. PROCESOS
B47: Lab. Ing. Energetica 1/Aula 33 A2 | H47: Aula 33-A2 | N47: Lab. Electrónica 1 | T47: Lab. Automatica 2 | Z47: Lab. Automatica 2
A48: 19:30 - 20:30 | B48: ING. ENERGÉTICA | H48: CONST. Y EDIFIC. | N48: ING. ELECTRÓN. | T48: CONT. PROCESOS | Z48: CONT. PROCESOS
B49: Lab. Ing. Energetica 1/Aula 33 A2 | H49: Aula 33-A2 | N49: Lab. Electrónica 1 | T49: Lab. Automatica 2 | Z49: Lab. Automatica 2
A51: Nombre abreviado | C51: Nombre completo | M51: MIND__2 | O51: ECTS | Q51: Profesor / es
A52: =VLOOKUP(M52,ASIGNATURAS!$F$1:$L$1022, 3, FALSE) -> CONST. Y EDIFIC. | C52: =VLOOKUP(M52,ASIGNATURAS!$F$1:$L$1022, 4, FALSE) -> Construcción y Edificación de Plantas Industriales | M52: 7042 | O52: =VLOOKUP(M52,ASIGNATURAS!$F$1:$L$1022, 5, FALSE) -> 6 | Q52: =VLOOKUP(M52,ASIGNATURAS!$F$1:$L$1022, 6, FALSE) -> Luis Alfredo Suárez Vivar
A53: =VLOOKUP(M53,ASIGNATURAS!$F$1:$L$1022, 3, FALSE) -> DIRECCIÓN PROD. | C53: =VLOOKUP(M53,ASIGNATURAS!$F$1:$L$1022, 4, FALSE) -> Dirección de la Producción y Proyectos | M53: 7043 | O53: =VLOOKUP(M53,ASIGNATURAS!$F$1:$L$1022, 5, FALSE) -> 6 | Q53: =VLOOKUP(M53,ASIGNATURAS!$F$1:$L$1022, 6, FALSE) -> Miguel Angel Mariscal, Ricardo del Olmo
A54: =VLOOKUP(M54,ASIGNATURAS!$F$1:$L$1022, 3, FALSE) -> ING. ENERGÉTICA | C54: =VLOOKUP(M54,ASIGNATURAS!$F$1:$L$1022, 4, FALSE) -> Ingeniería Energética | M54: 7044 | O54: =VLOOKUP(M54,ASIGNATURAS!$F$1:$L$1022, 5, FALSE) -> 6 | Q54: =VLOOKUP(M54,ASIGNATURAS!$F$1:$L$1022, 6, FALSE) -> Fernando Aguilar Romero, Natalia Muñoz
A55: =VLOOKUP(M55,ASIGNATURAS!$F$1:$L$1022, 3, FALSE) -> CONT. PROCESOS | C55: =VLOOKUP(M55,ASIGNATURAS!$F$1:$L$1022, 4, FALSE) -> Control Avanzado de Procesos | M55: 7045 | O55: =VLOOKUP(M55,ASIGNATURAS!$F$1:$L$1022, 5, FALSE) -> 6 | Q55: =VLOOKUP(M55,ASIGNATURAS!$F$1:$L$1022, 6, FALSE) -> Daniel Sarabia Ortiz
A56: =VLOOKUP(M56,ASIGNATURAS!$F$1:$L$1022, 3, FALSE) -> ING. ELECTRÓN. | C56: =VLOOKUP(M56,ASIGNATURAS!$F$1:$L$1022, 4, FALSE) -> Ingeniería Electrónica | M56: 7046 | O56: =VLOOKUP(M56,ASIGNATURAS!$F$1:$L$1022, 5, FALSE) -> 6 | Q56: =VLOOKUP(M56,ASIGNATURAS!$F$1:$L$1022, 6, FALSE) -> Alberto Estébanez
A59: GRUPOS TEÓRICOS = 1
A60: GRUPOS PRÁCTICOS = 1
A62: Nota: Estos horarios podrán ser modificados por necesidades docentes (desdoble de grupos, ocupación de laboratorios, contratación de profesorado…)
A65: =VLOOKUP(A68,ASIGNATURAS!$A$2:$D$151, 3, FALSE) -> 2º Máster en Ingeniería Industrial | Z65: =Z1 -> Curso 2024-2025
A66: =VLOOKUP(A68,ASIGNATURAS!$A$2:$D$151, 2, FALSE) -> Semestre temporal: 1º (3º Semestre Académico) | Z66: Aula 36-A2
A67: Grupo: TARDE
A68: MIND_3
A69: Hora | B69: LUNES | H69: MARTES | N69: MIÉRCOLES | T69: JUEVES | Z69: VIERNES
A70: 14:30 - 15:30 | B70: AUTOMOCIÓN | H70: I. ELÉCTRICAS | N70: AUTOMOCIÓN | T70: DISEÑO PLANT. | Z70: DISEÑO PLANT.
A72: 15:30 - 16:30 | B72: AUTOMOCIÓN | H72: I. ELÉCTRICAS | N72: AUTOMOCIÓN | T72: DISEÑO PLANT. | Z72: DISEÑO PLANT.
A74: 16:30 - 17:30 | B74: ERGONOMÍA | H74: MANT. INDUST | N74: CALIDAD Y PROD. | T74: CENTRALES | Z74: I. TÉRMICAS
B75: Lab. 24-A1 | H75: Aula 36-A2 | N75: Aula 36-A2
A76: 17:30 - 18:30 | B76: ERGONOMÍA | H76: MANT. INDUST | N76: CALIDAD Y PROD. | T76: CENTRALES | Z76: I. TÉRMICAS
B77: Lab. 24-A1 | H77: Aula 36-A2 | N77: Aula 36-A2
A78: 18:30 - 19:30 | B78: INST. ECON. | H78: INST. ECON. | J78: Aula 36-A2 | N78: MATERIALES | T78: MATERIALES | Z78: MÉTODOS IOI | AB78: Aula 21-A1 | AC78: C. DINÁMICO
B79: Aula 36-A2 | N79: Aula 36-A2 | T79: Aula 36-A2
A80: 19:30 - 20:30 | B80: INST. ECON. | N80: MATERIALES | T80: MATERIALES
B81: Aula 36-A2 | N81: Aula 36-A2 | T81: Aula 36-A2
A83: Nombre abreviado | C83: Nombre completo | M83: MIND__3 | O83: ECTS | Q83: Profesor / es
A84: =VLOOKUP(M84,ASIGNATURAS!$F$1:$L$1022, 3, FALSE) -> MANT. INDUST | C84: =VLOOKUP(M84,ASIGNATURAS!$F$1:$L$1022, 4, FALSE) -> Manutención y Mantenimiento Industrial | M84: 7152 | O84: =VLOOKUP(M84,ASIGNATURAS!$F$1:$L$1022, 5, FALSE) -> 3 | Q84: =VLOOKUP(M84,ASIGNATURAS!$F$1:$L$1022, 6, FALSE) -> Miriam Lorenzo Bañuelos
A85: =VLOOKUP(M85,ASIGNATURAS!$F$1:$L$1022, 3, FALSE) -> CENTRALES | C85: =VLOOKUP(M85,ASIGNATURAS!$F$1:$L$1022, 4, FALSE) -> Centrales de Producción de Energía | M85: 7047 | O85: =VLOOKUP(M85,ASIGNATURAS!$F$1:$L$1022, 5, FALSE) -> 3 | Q85: =VLOOKUP(M85,ASIGNATURAS!$F$1:$L$1022, 6, FALSE) -> David González
A86: =VLOOKUP(M86,ASIGNATURAS!$F$1:$L$1022, 3, FALSE) -> AUTOMOCIÓN | C86: =VLOOKUP(M86,ASIGNATURAS!$F$1:$L$1022, 4, FALSE) -> Ingeniería de Automoción | M86: 7048 | O86: =VLOOKUP(M86,ASIGNATURAS!$F$1:$L$1022, 5, FALSE) -> 6 | Q86: =VLOOKUP(M86,ASIGNATURAS!$F$1:$L$1022, 6, FALSE) -> Mª José García
A87: =VLOOKUP(M87,ASIGNATURAS!$F$1:$L$1022, 3, FALSE) -> MATERIALES | C87: =VLOOKUP(M87,ASIGNATURAS!$F$1:$L$1022, 4, FALSE) -> Tecnología de Materiales | M87: 7049 | O87: =VLOOKUP(M87,ASIGNATURAS!$F$1:$L$1022, 5, FALSE) -> 6 | Q87: =VLOOKUP(M87,ASIGNATURAS!$F$1:$L$1022, 6, FALSE) -> Mónica Preciado Calzada , José Calaf Chica
A88: =VLOOKUP(M88,ASIGNATURAS!$F$1:$L$1022, 3, FALSE) -> CALIDAD Y PROD. | C88: =VLOOKUP(M88,ASIGNATURAS!$F$1:$L$1022, 4, FALSE) -> Calidad y Productividad | M88: 7050 | O88: =VLOOKUP(M88,ASIGNATURAS!$F$1:$L$1022, 5, FALSE) -> 3 | Q88: =VLOOKUP(M88,ASIGNATURAS!$F$1:$L$1022, 6, FALSE) -> Ignacio Fontaneda González
A89: =VLOOKUP(M89,ASIGNATURAS!$F$1:$L$1022, 3, FALSE) -> INST. ECON. | C89: =VLOOKUP(M89,ASIGNATURAS!$F$1:$L$1022, 4, FALSE) -> Teoría e Instituciones Económicas | M89: 7051 | O89: =VLOOKUP(M89,ASIGNATURAS!$F$1:$L$1022, 5, FALSE) -> 6 | Q89: =VLOOKUP(M89,ASIGNATURAS!$F$1:$L$1022, 6, FALSE) -> Ricardo del Olmo Martínez
A90: =VLOOKUP(M90,ASIGNATURAS!$F$1:$L$1022, 3, FALSE) -> ERGONOMÍA | C90: =VLOOKUP(M90,ASIGNATURAS!$F$1:$L$1022, 4, FALSE) -> Ergonomía y Psicosociología | M90: 7052 | O90: =VLOOKUP(M90,ASIGNATURAS!$F$1:$L$1022, 5, FALSE) -> 3 | Q90: =VLOOKUP(M90,ASIGNATURAS!$F$1:$L$1022, 6, FALSE) -> Miguel Ángel Camino López
A91: =VLOOKUP(M91,ASIGNATURAS!$F$1:$L$1022, 3, FALSE) -> MÉTODOS IOI | C91: =VLOOKUP(M91,ASIGNATURAS!$F$1:$L$1022, 4, FALSE) -> Métodos Avanzados en Ingeniería de Organización | M91: 7053 | O91: =VLOOKUP(M91,ASIGNATURAS!$F$1:$L$1022, 5, FALSE) -> 3 | Q91: =VLOOKUP(M91,ASIGNATURAS!$F$1:$L$1022, 6, FALSE) -> Virginia Ahedo,José Manuel Galán
A92: =VLOOKUP(M92,ASIGNATURAS!$F$1:$L$1022, 3, FALSE) -> I. TÉRMICAS | C92: =VLOOKUP(M92,ASIGNATURAS!$F$1:$L$1022, 4, FALSE) -> Instalaciones Térmicas | M92: 7054 | O92: =VLOOKUP(M92,ASIGNATURAS!$F$1:$L$1022, 5, FALSE) -> 3 | Q92: =VLOOKUP(M92,ASIGNATURAS!$F$1:$L$1022, 6, FALSE) -> Francisco José González, Fernando Aguilar
A93: =VLOOKUP(M93,ASIGNATURAS!$F$1:$L$1022, 3, FALSE) -> I. ELÉCTRICAS | C93: =VLOOKUP(M93,ASIGNATURAS!$F$1:$L$1022, 4, FALSE) -> Instalaciones Eléctricas | M93: 7055 | O93: =VLOOKUP(M93,ASIGNATURAS!$F$1:$L$1022, 5, FALSE) -> 3 | Q93: =VLOOKUP(M93,ASIGNATURAS!$F$1:$L$1022, 6, FALSE) -> Jesús Sagredo González
A94: =VLOOKUP(M94,ASIGNATURAS!$F$1:$L$1022, 3, FALSE) -> C. DINÁMICO | C94: =VLOOKUP(M94,ASIGNATURAS!$F$1:$L$1022, 4, FALSE) -> Cálculo Dinámico de Estructuras | M94: 7056 | O94: =VLOOKUP(M94,ASIGNATURAS!$F$1:$L$1022, 5, FALSE) -> 3 | Q94: =VLOOKUP(M94,ASIGNATURAS!$F$1:$L$1022, 6, FALSE) -> Luis Suárez,
A95: =VLOOKUP(M95,ASIGNATURAS!$F$1:$L$1022, 3, FALSE) -> DISEÑO PLANT. | C95: =VLOOKUP(M95,ASIGNATURAS!$F$1:$L$1022, 4, FALSE) -> Diseño y Ejecución de Plantas Industriales | M95: 7057 | O95: =VLOOKUP(M95,ASIGNATURAS!$F$1:$L$1022, 5, FALSE) -> 6 | Q95: =VLOOKUP(M95,ASIGNATURAS!$F$1:$L$1022, 6, FALSE) -> Luis Suárez, Rosario Moradillo
N97: BLOQUES | Q97: Tecnologías Industriales
A98: GRUPOS TEÓRICOS = 1 | Q98: Gestión
A99: GRUPOS PRÁCTICOS = 1 | Q99: Instalaciones, Plantas y Construcciones Complement.
A101: Nota: Estos horarios podrán ser modificados por necesidades docentes (desdoble de grupos, ocupación de laboratorios, contratación de profesorado…)

Sheet MDURAB
A1: =VLOOKUP(A4,ASIGNATURAS!$A$2:$D$151, 3, FALSE) -> Máster en Integridad y Durabilidad de Materiales | Z1: =Aulas!G5 -> Curso 2024-2025
A2: =VLOOKUP(A4,ASIGNATURAS!A2:D151, 2, FALSE) -> Semestre temporal: 1º (1º Semestre Académico)
A3: Grupo: TARDE
A4: MDURAB_1
A5: Hora | B5: LUNES | H5: MARTES | N5: MIÉRCOLES | T5: JUEVES | Z5: VIERNES
A6: 16:00 - 17:00
A8: 17:00 - 18:00 | B8: FRACTURA | H8: ELAST-PLAS | N8: SOLDADURA | T8: FATIGA
B9: Laboratorio MMC | H9: Aula 4114 | N9: Lab. Materiales | T9: Aula 4114
A10: 18:00 - 19:00 | B10: FRACTURA | H10: ELAST-PLAS | N10: SOLDADURA | T10: FATIGA
B11: Aula 4114 | H11: Aula 4114 | N11: Aula 4114 | T11: Aula 4114
A12: 19:00 - 20:00 | B12: MATERIALES | H12: SIMULACION NUMERICA | N12: CORROSION
B13: Aula 4114 | H13: Aula 4114 | N13: Aula 4114
A14: 20:00 - 21:00 | B14: MATERIALES | H14: SIMULACION NUMERICA | N14: CORROSION
B15: Lab. Materiales | H15: Laboratorio MMC | N15: Lab. Materiales
A17: Nombre abreviado | C17: Nombre completo | M17: MDUR__1 | O17: ECTS | Q17: Profesor / es
A18: =VLOOKUP(M18,ASIGNATURAS!$F$1:$L$1022, 3, FALSE) -> MATERIALES | C18: =VLOOKUP(M18,ASIGNATURAS!$F$1:$L$1022, 4, FALSE) -> Materiales Estructurales | M18: 7101 | O18: =VLOOKUP(M18,ASIGNATURAS!$F$1:$L$1022, 5, FALSE) -> 4 | Q18: =VLOOKUP(M18,ASIGNATURAS!$F$1:$L$1022, 6, FALSE) -> Fco. Javier Belzunce (UNIOVI), Monica Preciado (UBU)
A19: =VLOOKUP(M19,ASIGNATURAS!$F$1:$L$1022, 3, FALSE) -> ELAST-PLAS | C19: =VLOOKUP(M19,ASIGNATURAS!$F$1:$L$1022, 4, FALSE) -> Teoría de la Elasticidad y Plasticidad | M19: 7102 | O19: =VLOOKUP(M19,ASIGNATURAS!$F$1:$L$1022, 5, FALSE) -> 4 | Q19: =VLOOKUP(M19,ASIGNATURAS!$F$1:$L$1022, 6, FALSE) -> Wilco Verbeeten (UBU)
A20: =VLOOKUP(M20,ASIGNATURAS!$F$1:$L$1022, 3, FALSE) -> FRACTURA | C20: =VLOOKUP(M20,ASIGNATURAS!$F$1:$L$1022, 4, FALSE) -> Mecánica de la Fractura | M20: 7103 | O20: =VLOOKUP(M20,ASIGNATURAS!$F$1:$L$1022, 5, FALSE) -> 4 | Q20: =VLOOKUP(M20,ASIGNATURAS!$F$1:$L$1022, 6, FALSE) -> Covadonga Betegón Biempica (UNIOVI), Ivan Cuesta Segura (UBU)
A21: =VLOOKUP(M21,ASIGNATURAS!$F$1:$L$1022, 3, FALSE) -> FATIGA | C21: =VLOOKUP(M21,ASIGNATURAS!$F$1:$L$1022, 4, FALSE) -> Fatiga, Corrosión Bajo Tensión y Fluencia | M21: 7104 | O21: =VLOOKUP(M21,ASIGNATURAS!$F$1:$L$1022, 5, FALSE) -> 4 | Q21: =VLOOKUP(M21,ASIGNATURAS!$F$1:$L$1022, 6, FALSE) -> Jose Alberto Alvarez (UNICAN), Jesús Manuel Alegre (UBU)
A22: =VLOOKUP(M22,ASIGNATURAS!$F$1:$L$1022, 3, FALSE) -> CORROSIÓN | C22: =VLOOKUP(M22,ASIGNATURAS!$F$1:$L$1022, 4, FALSE) -> Corrosión, Oxidación, Desgaste y Protección | M22: 7105 | O22: =VLOOKUP(M22,ASIGNATURAS!$F$1:$L$1022, 5, FALSE) -> 4 | Q22: =VLOOKUP(M22,ASIGNATURAS!$F$1:$L$1022, 6, FALSE) -> Pedro Bravo Diez (UBU)
A23: =VLOOKUP(M23,ASIGNATURAS!$F$1:$L$1022, 3, FALSE) -> SOLDADURA | C23: =VLOOKUP(M23,ASIGNATURAS!$F$1:$L$1022, 4, FALSE) -> Soldadura y Tecnologías de Unión | M23: 7108 | O23: =VLOOKUP(M23,ASIGNATURAS!$F$1:$L$1022, 5, FALSE) -> 4 | Q23: =VLOOKUP(M23,ASIGNATURAS!$F$1:$L$1022, 6, FALSE) -> Cristina Rodriguez (UNIOVI), Monica Preciado (UBU)
A24: =VLOOKUP(M24,ASIGNATURAS!$F$1:$L$1022, 3, FALSE) -> SIMULACIÓN NÚMERICA | C24: =VLOOKUP(M24,ASIGNATURAS!$F$1:$L$1022, 4, FALSE) -> Simulación Numérica de Mat, Comp y Est. | M24: 7106 | O24: =VLOOKUP(M24,ASIGNATURAS!$F$1:$L$1022, 5, FALSE) -> 4 | Q24: =VLOOKUP(M24,ASIGNATURAS!$F$1:$L$1022, 6, FALSE) -> Ivan Cuesta Segura (UBU)
A27: GRUPOS TEÓRICOS = 1
A28: GRUPOS PRÁCTICOS = 1
A30: Nota: Estos horarios podrán ser modificados por necesidades docentes (desdoble de grupos, ocupación de laboratorios, contratación de profesorado…)
A32: =VLOOKUP(A35,ASIGNATURAS!$A$2:$D$151, 3, FALSE) -> Máster en Integridad y Durabilidad de Materiales | Z32: =Z1 -> Curso 2024-2025
A33: =VLOOKUP(A35,ASIGNATURAS!$A$2:$D$151, 2, FALSE) -> Semestre temporal: 2º (2º Semestre Académico)
A34: Grupo: TARDE
A35: MDURAB_2
A36: Hora | B36: LUNES | H36: MARTES | N36: MIÉRCOLES | T36: JUEVES | Z36: VIERNES
A37: 16:00 - 17:00
A39: 17:00 - 18:00 | B39: INTEGRIDAD ESTRUCTURAL | H39: SEMINARIO I | N39: ANÁLISIS DE FALLOS | T39: INSPECCIÓN Y END
B40: Lab. MMC | H40: Lab. MMC | N40: Lab. Materiales | T40: Lab. Materiales
A41: 18:00 - 19:00 | B41: INTEGRIDAD ESTRUCTURAL | H41: SEMINARIO I | N41: ANÁLISIS DE FALLOS | T41: INSPECCIÓN Y END
B42: Aula 4114 | H42: Lab. MMC | N42: Aula 4114 | T42: Aula 4114
A43: 19:00 - 20:00 | B43: INTEGRIDAD ESTRUCTURAL | H43: SEMINARIO I | N43: ANÁLISIS DE FALLOS | T43: INSPECCIÓN Y END
B44: Aula 4114 | H44: Lab. MMC | N44: Aula 4114 | T44: Aula 4114
A45: 20:00 - 21:00 | B45: INTEGRIDAD ESTRUCTURAL | H45: SEMINARIO I | N45: ANÁLISIS DE FALLOS | T45: INSPECCIÓN Y END
B46: Lab. MMC | H46: Lab. MMC | N46: Lab. Materiales | T46: Lab. Materiales
A48: Nombre abreviado | C48: Nombre completo | M48: MDUR__2 | O48: ECTS | Q48: Profesor / es
A49: =VLOOKUP(M49,ASIGNATURAS!$F$1:$L$1022, 3, FALSE) -> INSPECCIÓN Y END | C49: =VLOOKUP(M49,ASIGNATURAS!$F$1:$L$1022, 4, FALSE) -> Técnicas de Inspección y END | M49: 7109 | O49: =VLOOKUP(M49,ASIGNATURAS!$F$1:$L$1022, 5, FALSE) -> 4 | Q49: =VLOOKUP(M49,ASIGNATURAS!$F$1:$L$1022, 6, FALSE) -> Fco. J. Belzunce (UNIOVI), Pedro Bravo (UBU)
A50: =VLOOKUP(M50,ASIGNATURAS!$F$1:$L$1022, 3, FALSE) -> INTEGRIDAD ESTRUCTURAL | C50: =VLOOKUP(M50,ASIGNATURAS!$F$1:$L$1022, 4, FALSE) -> Procedimientos de Integridad Estructural | M50: 7107 | O50: =VLOOKUP(M50,ASIGNATURAS!$F$1:$L$1022, 5, FALSE) -> 4 | Q50: =VLOOKUP(M50,ASIGNATURAS!$F$1:$L$1022, 6, FALSE) -> Roberto Lacalle (UNICAM), Ivan Cuesta Segura (UBU)
A51: =VLOOKUP(M51,ASIGNATURAS!$F$1:$L$1022, 3, FALSE) -> ANÁLISIS DE FALLOS | C51: =VLOOKUP(M51,ASIGNATURAS!$F$1:$L$1022, 4, FALSE) -> Análisis de Fallos | M51: 7110 | O51: =VLOOKUP(M51,ASIGNATURAS!$F$1:$L$1022, 5, FALSE) -> 4 | Q51: =VLOOKUP(M51,ASIGNATURAS!$F$1:$L$1022, 6, FALSE) -> Sergio Cicero (UNICAN), Pedro Bravo (UBU)
A52: =VLOOKUP(M52,ASIGNATURAS!$F$1:$L$1022, 3, FALSE) -> SEMINARIO I | C52: =VLOOKUP(M52,ASIGNATURAS!$F$1:$L$1022, 4, FALSE) -> Seminario Especializado I | M52: 7111 | O52: =VLOOKUP(M52,ASIGNATURAS!$F$1:$L$1022, 5, FALSE) -> 4 | Q52: =VLOOKUP(M52,ASIGNATURAS!$F$1:$L$1022, 6, FALSE) -> Jesús Manuel Alegre (UBU), Wilco Verbeeten (UBU)
A53: =VLOOKUP(M53,ASIGNATURAS!$F$1:$L$1022, 3, FALSE) -> SEMINARIO II | C53: =VLOOKUP(M53,ASIGNATURAS!$F$1:$L$1022, 4, FALSE) -> Seminario Especializado II | M53: 7112 | O53: =VLOOKUP(M53,ASIGNATURAS!$F$1:$L$1022, 5, FALSE) -> 4 | Q53: =VLOOKUP(M53,ASIGNATURAS!$F$1:$L$1022, 6, FALSE) -> Wilco Verbeeten (UBU)
A56: GRUPOS TEÓRICOS = 1
A57: GRUPOS PRÁCTICOS = 1
A60: Los Seminarios especializados se impartirán durante los meses de Mayo-Junio.
A62: Nota: Estos horarios podrán ser modificados por necesidades docentes (desdoble de grupos, ocupación de laboratorios, contratación de profesorado…)

Sheet MESO
A1: MASTER DE PROFESORADO EN EDUCACIÓN | Z1: =Aulas!G5 -> Curso 2024-2025
A2: Semestre temporal: 1º (1º Semestre Académico) | Z2: Aula 42-A2
A3: Grupo: TARDE
A4: MESO 1
A5: Hora | B5: LUNES | H5: MARTES | N5: MIÉRCOLES | T5: JUEVES | Z5: VIERNES
A6: 15:30 - 16:30 | N6: T. Industriales | T6: T. Industriales
N7: Aula 42-A2 | T7: Aula 42-A2
A8: 16:30 - 17:30 | N8: T. Industriales | T8: T. Industriales
N9: T. información | T9: T. información
A10: 17:30 - 18:30 | N10: T. información | T10: TICRobótica
N11: Lab. 22-A1 | T11: Lab. 22-A1
A12: 18:30 - 19:30 | N12: TICRobótica | T12: TICRobótica
N13: Lab. 22-A1 | T13: Lab. 22-A1
A14: 19:30 - 20:30
A16: 20:30 - 21:30
A19: Nombre abreviado | C19: Nombre completo | M19: MIND__1 | O19: ECTS | Q19: Profesor / es
A20: =VLOOKUP(M20,ASIGNATURAS!$F$1:$L$1022, 3, FALSE) -> TECN. ESTRUCT. | C20: =VLOOKUP(M20,ASIGNATURAS!$F$1:$L$1022, 4, FALSE) -> Tecnología de Estructuras | M20: 7036 | O20: =VLOOKUP(M20,ASIGNATURAS!$F$1:$L$1022, 5, FALSE) -> 6 | Q20: =VLOOKUP(M20,ASIGNATURAS!$F$1:$L$1022, 6, FALSE) -> Luis Suarez Vivar, Wilco Verbeeten
A21: =VLOOKUP(M21,ASIGNATURAS!$F$1:$L$1022, 3, FALSE) -> GESTIÓN | C21: =VLOOKUP(M21,ASIGNATURAS!$F$1:$L$1022, 4, FALSE) -> Gestión de Empresas | M21: 7037 | O21: =VLOOKUP(M21,ASIGNATURAS!$F$1:$L$1022, 5, FALSE) -> 6 | Q21: =VLOOKUP(M21,ASIGNATURAS!$F$1:$L$1022, 6, FALSE) -> Juan José Lavios Villahoz
A22: =VLOOKUP(M22,ASIGNATURAS!$F$1:$L$1022, 3, FALSE) -> FABRIC. Y MAQ. | C22: =VLOOKUP(M22,ASIGNATURAS!$F$1:$L$1022, 4, FALSE) -> Fabricación y Máquinas | M22: 7038 | O22: =VLOOKUP(M22,ASIGNATURAS!$F$1:$L$1022, 5, FALSE) -> 6 | Q22: =VLOOKUP(M22,ASIGNATURAS!$F$1:$L$1022, 6, FALSE) -> Francisco Javier Gómez Gil
A23: =VLOOKUP(M23,ASIGNATURAS!$F$1:$L$1022, 3, FALSE) -> SIST. ELÉCTRIC. | C23: =VLOOKUP(M23,ASIGNATURAS!$F$1:$L$1022, 4, FALSE) -> Sistemas Eléctricos de Potencia | M23: 7039 | O23: =VLOOKUP(M23,ASIGNATURAS!$F$1:$L$1022, 5, FALSE) -> 6 | Q23: =VLOOKUP(M23,ASIGNATURAS!$F$1:$L$1022, 6, FALSE) -> Jesús Sagredo González
A24: =VLOOKUP(M24,ASIGNATURAS!$F$1:$L$1022, 3, FALSE) -> DERECHO | C24: =VLOOKUP(M24,ASIGNATURAS!$F$1:$L$1022, 4, FALSE) -> Derecho Mercantil y Laboral | M24: 7040 | O24: =VLOOKUP(M24,ASIGNATURAS!$F$1:$L$1022, 5, FALSE) -> 3 | Q24: =VLOOKUP(M24,ASIGNATURAS!$F$1:$L$1022, 6, FALSE) -> Juan Cruz Monje Santillana
A25: =VLOOKUP(M25,ASIGNATURAS!$F$1:$L$1022, 3, FALSE) -> QUÍMICA IND. | C25: =VLOOKUP(M25,ASIGNATURAS!$F$1:$L$1022, 4, FALSE) -> Química Industrial | M25: 7041 | O25: =VLOOKUP(M25,ASIGNATURAS!$F$1:$L$1022, 5, FALSE) -> 3 | Q25: =VLOOKUP(M25,ASIGNATURAS!$F$1:$L$1022, 6, FALSE) -> Fco. Javier Rodríguez Vidal, Luis Marcos Naveira
A28: GRUPOS TEÓRICOS = 1
A29: GRUPOS PRÁCTICOS = 1
A31: Nota: Estos horarios podrán ser modificados por necesidades docentes (desdoble de grupos, ocupación de laboratorios, contratación de profesorado…)
A33: =A1 -> MASTER DE PROFESORADO EN EDUCACIÓN | Z33: =Z1 -> Curso 2024-2025
A34: Semestre temporal: 2º (2º Semestre Académico) | Z34: Lab. 24-A1
A35: Grupo: TARDE
A36: MESO 2
A37: Hora | B37: LUNES | H37: MARTES | N37: MIÉRCOLES | T37: JUEVES | Z37: VIERNES
A38: 15:30 - 16:30 | B38: Estructura y gestión de la formación profesional | H38: Aprendizaje basado en proyectos | N38: Estructura y gestión de la formación profesional | T38: Aprendizaje basado en proyectos
B39: Lab. 24-A1 | H39: Lab. 24-A1 | N39: Lab. 24-A1 | T39: Lab. 24-A1
A40: 16:30 - 17:30 | B40: Estructura y gestión de la formación profesional | H40: Aprendizaje basado en proyectos | N40: Estructura y gestión de la formación profesional | T40: Aprendizaje basado en proyectos
B41: Lab. 24-A1 | H41: Lab. 24-A1 | N41: Lab. 24-A1 | T41: Lab. 24-A1
A42: 17:30 - 18:30 | B42: Aprendizaje basado en proyectos | H42: Innovación docente e iniciación a la investigación educativa en tecnología | N42: Innovación docente e iniciación a la investigación educativa en tecnología | T42: Estructura y gestión de la formación profesional
B43: Lab. 24-A1 | H43: Lab. 24-A1 | N43: Lab. 24-A1 | T43: Lab. 24-A1
A44: 18:30 - 19:30 | B44: Aprendizaje basado en proyectos | H44: Innovación docente e iniciación a la investigación educativa en tecnología | N44: Innovación docente e iniciación a la investigación educativa en tecnología | T44: Estructura y gestión de la formación profesional
B45: Lab. 24-A1 | H45: Lab. 24-A1 | N45: Lab. 24-A1 | T45: Lab. 24-A1
A46: 19:30 - 20:30
A48: 20:30 - 21:30
A51: Nombre abreviado | C51: Nombre completo | M51: MIND__2 | O51: ECTS | Q51: Profesor / es
A52: =VLOOKUP(M52,ASIGNATURAS!$F$1:$L$1022, 3, FALSE) -> CONST. Y EDIFIC. | C52: =VLOOKUP(M52,ASIGNATURAS!$F$1:$L$1022, 4, FALSE) -> Construcción y Edificación de Plantas Industriales | M52: 7042 | O52: =VLOOKUP(M52,ASIGNATURAS!$F$1:$L$1022, 5, FALSE) -> 6 | Q52: =VLOOKUP(M52,ASIGNATURAS!$F$1:$L$1022, 6, FALSE) -> Luis Alfredo Suárez Vivar
A53: =VLOOKUP(M53,ASIGNATURAS!$F$1:$L$1022, 3, FALSE) -> DIRECCIÓN PROD. | C53: =VLOOKUP(M53,ASIGNATURAS!$F$1:$L$1022, 4, FALSE) -> Dirección de la Producción y Proyectos | M53: 7043 | O53: =VLOOKUP(M53,ASIGNATURAS!$F$1:$L$1022, 5, FALSE) -> 6 | Q53: =VLOOKUP(M53,ASIGNATURAS!$F$1:$L$1022, 6, FALSE) -> Miguel Angel Mariscal, Ricardo del Olmo
A54: =VLOOKUP(M54,ASIGNATURAS!$F$1:$L$1022, 3, FALSE) -> ING. ENERGÉTICA | C54: =VLOOKUP(M54,ASIGNATURAS!$F$1:$L$1022, 4, FALSE) -> Ingeniería Energética | M54: 7044 | O54: =VLOOKUP(M54,ASIGNATURAS!$F$1:$L$1022, 5, FALSE) -> 6 | Q54: =VLOOKUP(M54,ASIGNATURAS!$F$1:$L$1022, 6, FALSE) -> Fernando Aguilar Romero, Natalia Muñoz
A55: =VLOOKUP(M55,ASIGNATURAS!$F$1:$L$1022, 3, FALSE) -> CONT. PROCESOS | C55: =VLOOKUP(M55,ASIGNATURAS!$F$1:$L$1022, 4, FALSE) -> Control Avanzado de Procesos | M55: 7045 | O55: =VLOOKUP(M55,ASIGNATURAS!$F$1:$L$1022, 5, FALSE) -> 6 | Q55: =VLOOKUP(M55,ASIGNATURAS!$F$1:$L$1022, 6, FALSE) -> Daniel Sarabia Ortiz
A56: =VLOOKUP(M56,ASIGNATURAS!$F$1:$L$1022, 3, FALSE) -> ING. ELECTRÓN. | C56: =VLOOKUP(M56,ASIGNATURAS!$F$1:$L$1022, 4, FALSE) -> Ingeniería Electrónica | M56: 7046 | O56: =VLOOKUP(M56,ASIGNATURAS!$F$1:$L$1022, 5, FALSE) -> 6 | Q56: =VLOOKUP(M56,ASIGNATURAS!$F$1:$L$1022, 6, FALSE) -> Alberto Estébanez
A59: GRUPOS TEÓRICOS = 1
A60: GRUPOS PRÁCTICOS = 1
A62: Nota: Estos horarios podrán ser modificados por necesidades docentes (desdoble de grupos, ocupación de laboratorios, contratación de profesorado…)
A65: =VLOOKUP(A68,ASIGNATURAS!$A$2:$D$151, 3, FALSE) -> 2º Máster en Ingeniería Industrial | Z65: =Z1 -> Curso 2024-2025
A66: =VLOOKUP(A68,ASIGNATURAS!$A$2:$D$151, 2, FALSE) -> Semestre temporal: 1º (3º Semestre Académico) | Z66: Aula 42-A2
A67: Grupo: TARDE
A68: MIND_3
A69: Hora | B69: LUNES | H69: MARTES | N69: MIÉRCOLES | T69: JUEVES | Z69: VIERNES
A70: 15:30 - 16:30 | B70: INST. ECON. | H70: I. ELÉCTRICAS | N70: MATERIALES | T70: DISEÑO PLANT. | Z70: DISEÑO PLANT.
B71: Aula 42-A2 | N71: Aula 42-A2 | T71: Aula 33-A2 | Z71: Aula 33-A2
A72: 16:30 - 17:30 | B72: INST. ECON. | H72: I. ELÉCTRICAS | N72: MATERIALES | T72: DISEÑO PLANT. | Z72: DISEÑO PLANT.
B73: Aula 42-A2 | N73: Aula 42-A2 | T73: Aula 33-A2 | Z73: Aula 33-A2
A74: 17:30 - 18:30 | B74: ERGONOMÍA | H74: MANT. INDUST | N74: CALIDAD Y PROD. | T74: CENTRALES | Z74: I. TÉRMICAS
B75: Lab. 24-A1 | H75: Aula 33-A2 | N75: Aula 42-A2 | T75: Aula 42-A2
A76: 18:30 - 19:30 | B76: ERGONOMÍA | H76: MANT. INDUST | N76: CALIDAD Y PROD. | T76: CENTRALES | Z76: I. TÉRMICAS
B77: Lab. 24-A1 | H77: Aula 33-A2 | N77: Aula 42-A2 | T77: Aula 42-A2
A78: 19:30 - 20:30 | B78: AUTOMOCIÓN | H78: INST. ECON. | J78: Aula 42-A2 | N78: AUTOMOCIÓN | T78: MATERIALES | Z78: MÉTODOS IOI | AB78: Lab. 22-A1 | AC78: C. DINÁMICO
B79: Aula 33-A2 | N79: Aula 33-A2 | T79: Aula 42-A2
A80: 20:30 - 21:30 | B80: AUTOMOCIÓN | N80: AUTOMOCIÓN | T80: MATERIALES
B81: Aula 33-A2 | N81: Aula 33-A2 | T81: Aula 42-A2
A83: Nombre abreviado | C83: Nombre completo | M83: MIND__3 | O83: ECTS | Q83: Profesor / es
A84: =VLOOKUP(M84,ASIGNATURAS!$F$1:$L$1022, 3, FALSE) -> MANT. INDUST | C84: =VLOOKUP(M84,ASIGNATURAS!$F$1:$L$1022, 4, FALSE) -> Manutención y Mantenimiento Industrial | M84: 7152 | O84: =VLOOKUP(M84,ASIGNATURAS!$F$1:$L$1022, 5, FALSE) -> 3 | Q84: =VLOOKUP(M84,ASIGNATURAS!$F$1:$L$1022, 6, FALSE) -> Miriam Lorenzo Bañuelos
A85: =VLOOKUP(M85,ASIGNATURAS!$F$1:$L$1022, 3, FALSE) -> CENTRALES | C85: =VLOOKUP(M85,ASIGNATURAS!$F$1:$L$1022, 4, FALSE) -> Centrales de Producción de Energía | M85: 7047 | O85: =VLOOKUP(M85,ASIGNATURAS!$F$1:$L$1022, 5, FALSE) -> 3 | Q85: =VLOOKUP(M85,ASIGNATURAS!$F$1:$L$1022, 6, FALSE) -> David González
A86: =VLOOKUP(M86,ASIGNATURAS!$F$1:$L$1022, 3, FALSE) -> AUTOMOCIÓN | C86: =VLOOKUP(M86,ASIGNATURAS!$F$1:$L$1022, 4, FALSE) -> Ingeniería de Automoción | M86: 7048 | O86: =VLOOKUP(M86,ASIGNATURAS!$F$1:$L$1022, 5, FALSE) -> 6 | Q86: =VLOOKUP(M86,ASIGNATURAS!$F$1:$L$1022, 6, FALSE) -> Mª José García
A87: =VLOOKUP(M87,ASIGNATURAS!$F$1:$L$1022, 3, FALSE) -> MATERIALES | C87: =VLOOKUP(M87,ASIGNATURAS!$F$1:$L$1022, 4, FALSE) -> Tecnología de Materiales | M87: 7049 | O87: =VLOOKUP(M87,ASIGNATURAS!$F$1:$L$1022, 5, FALSE) -> 6 | Q87: =VLOOKUP(M87,ASIGNATURAS!$F$1:$L$1022, 6, FALSE) -> Mónica Preciado Calzada , José Calaf Chica
A88: =VLOOKUP(M88,ASIGNATURAS!$F$1:$L$1022, 3, FALSE) -> CALIDAD Y PROD. | C88: =VLOOKUP(M88,ASIGNATURAS!$F$1:$L$1022, 4, FALSE) -> Calidad y Productividad | M88: 7050 | O88: =VLOOKUP(M88,ASIGNATURAS!$F$1:$L$1022, 5, FALSE) -> 3 | Q88: =VLOOKUP(M88,ASIGNATURAS!$F$1:$L$1022, 6, FALSE) -> Ignacio Fontaneda González
A89: =VLOOKUP(M89,ASIGNATURAS!$F$1:$L$1022, 3, FALSE) -> INST. ECON. | C89: =VLOOKUP(M89,ASIGNATURAS!$F$1:$L$1022, 4, FALSE) -> Teoría e Instituciones Económicas | M89: 7051 | O89: =VLOOKUP(M89,ASIGNATURAS!$F$1:$L$1022, 5, FALSE) -> 6 | Q89: =VLOOKUP(M89,ASIGNATURAS!$F$1:$L$1022, 6, FALSE) -> Ricardo del Olmo Martínez
A90: =VLOOKUP(M90,ASIGNATURAS!$F$1:$L$1022, 3, FALSE) -> ERGONOMÍA | C90: =VLOOKUP(M90,ASIGNATURAS!$F$1:$L$1022, 4, FALSE) -> Ergonomía y Psicosociología | M90: 7052 | O90: =VLOOKUP(M90,ASIGNATURAS!$F$1:$L$1022, 5, FALSE) -> 3 | Q90: =VLOOKUP(M90,ASIGNATURAS!$F$1:$L$1022, 6, FALSE) -> Miguel Ángel Camino López
A91: =VLOOKUP(M91,ASIGNATURAS!$F$1:$L$1022, 3, FALSE) -> MÉTODOS IOI | C91: =VLOOKUP(M91,ASIGNATURAS!$F$1:$L$1022, 4, FALSE) -> Métodos Avanzados en Ingeniería de Organización | M91: 7053 | O91: =VLOOKUP(M91,ASIGNATURAS!$F$1:$L$1022, 5, FALSE) -> 3 | Q91: =VLOOKUP(M91,ASIGNATURAS!$F$1:$L$1022, 6, FALSE) -> Virginia Ahedo,José Manuel Galán
A92: =VLOOKUP(M92,ASIGNATURAS!$F$1:$L$1022, 3, FALSE) -> I. TÉRMICAS | C92: =VLOOKUP(M92,ASIGNATURAS!$F$1:$L$1022, 4, FALSE) -> Instalaciones Térmicas | M92: 7054 | O92: =VLOOKUP(M92,ASIGNATURAS!$F$1:$L$1022, 5, FALSE) -> 3 | Q92: =VLOOKUP(M92,ASIGNATURAS!$F$1:$L$1022, 6, FALSE) -> Francisco José González, Fernando Aguilar
A93: =VLOOKUP(M93,ASIGNATURAS!$F$1:$L$1022, 3, FALSE) -> I. ELÉCTRICAS | C93: =VLOOKUP(M93,ASIGNATURAS!$F$1:$L$1022, 4, FALSE) -> Instalaciones Eléctricas | M93: 7055 | O93: =VLOOKUP(M93,ASIGNATURAS!$F$1:$L$1022, 5, FALSE) -> 3 | Q93: =VLOOKUP(M93,ASIGNATURAS!$F$1:$L$1022, 6, FALSE) -> Jesús Sagredo González
A94: =VLOOKUP(M94,ASIGNATURAS!$F$1:$L$1022, 3, FALSE) -> C. DINÁMICO | C94: =VLOOKUP(M94,ASIGNATURAS!$F$1:$L$1022, 4, FALSE) -> Cálculo Dinámico de Estructuras | M94: 7056 | O94: =VLOOKUP(M94,ASIGNATURAS!$F$1:$L$1022, 5, FALSE) -> 3 | Q94: =VLOOKUP(M94,ASIGNATURAS!$F$1:$L$1022, 6, FALSE) -> Luis Suárez,
A95: =VLOOKUP(M95,ASIGNATURAS!$F$1:$L$1022, 3, FALSE) -> DISEÑO PLANT. | C95: =VLOOKUP(M95,ASIGNATURAS!$F$1:$L$1022, 4, FALSE) -> Diseño y Ejecución de Plantas Industriales | M95: 7057 | O95: =VLOOKUP(M95,ASIGNATURAS!$F$1:$L$1022, 5, FALSE) -> 6 | Q95: =VLOOKUP(M95,ASIGNATURAS!$F$1:$L$1022, 6, FALSE) -> Luis Suárez, Rosario Moradillo
N97: BLOQUES | Q97: Tecnologías Industriales
A98: GRUPOS TEÓRICOS = 1 | Q98: Gestión
A99: GRUPOS PRÁCTICOS = 1 | Q99: Instalaciones, Plantas y Construcciones Complement.
A101: Nota: Estos horarios podrán ser modificados por necesidades docentes (desdoble de grupos, ocupación de laboratorios, contratación de profesorado…)

Sheet ASIGNATURAS
F1: GRADO EN INGENIERIA MECANICA
A2: GIM_1 | B2: Semestre temporal: 1º (1º Semestre Académico) | C2: 1º Grado en Ingeniería Mecánica | D2: GIM__1 | F2: CODIGO | G2: SEMESTRE | H2: NOMBRE CORTO | I2: NOMBRE COMPLETO | J2: ECTS | K2: PROFESORES | L2: PROFESOR 1 | N2: PROFESOR 2 | P2: PROFESOR 3 | R2: PROFESOR 4 | T2: PROFESOR 5
A3: GIM_2 | B3: Semestre temporal: 2º (2º Semestre Académico) | C3: 1º Grado en Ingeniería Mecánica | D3: GIM__2 | F3: 6302 | G3: 1 | H3: CALCULO | I3: Cálculo | J3: 6 | K3: =CONCATENATE(L3,M3,N3,O3,P3,Q3,R3) -> Ana García | L3: Ana García | M3: =IF(N3<>"",", ","") | O3: =IF(P3<>"",", ","") | Q3: =IF(R3<>"",", ","") | S3: =IF(T3<>"",", ","")
A4: GIM_3 | B4: Semestre temporal: 1º (3º Semestre Académico) | C4: 2º Grado en Ingeniería Mecánica | D4: GIM__3 | F4: 6304 | G4: 1 | H4: FISICA I | I4: Física I | J4: 6 | K4: =CONCATENATE(L4,M4,N4,O4,P4,Q4,R4) -> Juan José Villalaín, Alfonso Blasco, María del Mar Chichón | L4: Juan José Villalaín | M4: =IF(N4<>"",", ","") -> , | N4: Alfonso Blasco | O4: =IF(P4<>"",", ","") -> , | P4: María del Mar Chichón | Q4: =IF(R4<>"",", ","") | S4: =IF(T4<>"",", ","")
A5: GIM_4 | B5: Semestre temporal: 2º (4º Semestre Académico) | C5: 2º Grado en Ingeniería Mecánica | D5: GIM__4 | F5: 6303 | G5: 1 | H5: ALGEBRA | I5: Álgebra y Ecuaciones Diferenciales | J5: 6 | K5: =CONCATENATE(L5,M5,N5,O5,P5,Q5,R5) -> José Javier Relancio | L5: José Javier Relancio | M5: =IF(N5<>"",", ","") | O5: =IF(P5<>"",", ","") | Q5: =IF(R5<>"",", ","") | S5: =IF(T5<>"",", ","")
A6: GIM_5 | B6: Semestre temporal: 1º (5º Semestre Académico) | C6: 3º Grado en Ingeniería Mecánica | D6: GIM__5 | F6: 6306 | G6: 1 | H6: EXP. GRAFICA I | I6: Expresión Gráfica I | J6: 6 | K6: =CONCATENATE(L6,M6,N6,O6,P6,Q6,R6) -> Arturo de Román , Elías Martínez | L6: Arturo de Román | M6: =IF(N6<>"",", ","") -> , | N6: Elías Martínez | O6: =IF(P6<>"",", ","") | Q6: =IF(R6<>"",", ","") | S6: =IF(T6<>"",", ","")
A7: GIM_6 | B7: Semestre temporal: 2º (6º Semestre Académico) | C7: 3º Grado en Ingeniería Mecánica | D7: GIM__6 | F7: 6305 | G7: 1 | H7: QUIMICA | I7: Química | J7: 6 | K7: =CONCATENATE(L7,M7,N7,O7,P7,Q7,R7) -> Fco. Javier Rodríguez | L7: Fco. Javier Rodríguez | M7: =IF(N7<>"",", ","") | O7: =IF(P7<>"",", ","") | Q7: =IF(R7<>"",", ","") | S7: =IF(T7<>"",", ","") | U7: 1
A8: GIM_7 | B8: Semestre temporal: 1º (7º Semestre Académico) | C8: 4º Grado en Ingeniería Mecánica | D8: GIM__7 | G8: 1 | H8: EXPRESION GRAFICA | K8: =CONCATENATE(L8,M8,N8,O8,P8,Q8,R8) | M8: =IF(N8<>"",", ","") | O8: =IF(P8<>"",", ","") | Q8: =IF(R8<>"",", ","") | S8: =IF(T8<>"",", ","") | U8: 2
A9: GIM_8 | B9: Semestre temporal: 2º (8º Semestre Académico) | C9: 4º Grado en Ingeniería Mecánica | D9: GIM__8 | F9: 6307 | G9: 2 | H9: AMP. CALCULO | I9: Ampliación de Cálculo y Geometría | J9: 6 | K9: =CONCATENATE(L9,M9,N9,O9,P9,Q9,R9) -> Iván Gutiérrez | L9: Iván Gutiérrez | M9: =IF(N9<>"",", ","") | O9: =IF(P9<>"",", ","") | Q9: =IF(R9<>"",", ","") | S9: =IF(T9<>"",", ","")
F10: 6309 | G10: 2 | H10: FISICA II | I10: Física II | J10: 6 | K10: =CONCATENATE(L10,M10,N10,O10,P10,Q10,R10) -> Mª Isabel Blanco, Mª Felicidad Bógalo, Manuel Iván González | L10: Mª Isabel Blanco | M10: =IF(N11<>"",", ","") -> , | N10: Mª Felicidad Bógalo | O10: =IF(P10<>"",", ","") -> , | P10: Manuel Iván González | Q10: =IF(R10<>"",", ","") | S10: =IF(T10<>"",", ","")
A11: GIE_1 | B11: Semestre temporal: 1º (1º Semestre Académico) | C11: 1º Grado en Ingeniería Electrónica Industrial y Automática | D11: GIE__1 | F11: 6308 | G11: 2 | H11: INFORMATICA | I11: Informática Básica | J11: 6 | K11: =CONCATENATE(L11,M11,N11,O11,P11,Q11,R11) -> Beatriz Gil, Belen Vaquerizo | L11: Beatriz Gil | M11: =IF(N12<>"",", ","") -> , | N11: Belen Vaquerizo | O11: =IF(P11<>"",", ","") | Q11: =IF(R11<>"",", ","") | S11: =IF(T11<>"",", ","")
A12: GIE_2 | B12: Semestre temporal: 2º (2º Semestre Académico) | C12: 1º Grado en Ingeniería Electrónica Industrial y Automática | D12: GIE__2 | F12: 6311 | G12: 2 | H12: ECONOMIA | I12: Economía de la Empresa | J12: 6 | K12: =CONCATENATE(L12,M12,N12,O12,P12,Q12,R12) -> Juan Mª Espinosa, Rosario González | L12: Juan Mª Espinosa | M12: =IF(N12<>"",", ","") -> , | N12: Rosario González | O12: =IF(P12<>"",", ","") | Q12: =IF(R12<>"",", ","") | S12: =IF(T12<>"",", ","")
A13: GIE_3 | B13: Semestre temporal: 1º (3º Semestre Académico) | C13: 2º Grado en Ingeniería Electrónica Industrial y Automática | D13: GIE__3 | F13: 6310 | G13: 2 | H13: MATERIALES | I13: Ciencia de Materiales: Est. y propiedades | J13: 6 | K13: =CONCATENATE(L13,M13,N13,O13,P13,Q13,R13) -> José Calaf Chica, David Cárdenas | L13: José Calaf Chica | M13: =IF(N13<>"",", ","") -> , | N13: David Cárdenas | O13: =IF(P13<>"",", ","") | Q13: =IF(R13<>"",", ","") | S13: =IF(T13<>"",", ","")
A14: GIE_4 | B14: Semestre temporal: 2º (4º Semestre Académico) | C14: 2º Grado en Ingeniería Electrónica Industrial y Automática | D14: GIE__4 | F14: 6312 | G14: 3 | H14: TERMICA I | I14: Ingeniería Térmica I | J14: 6 | K14: =CONCATENATE(L14,M14,N14,O14,P14,Q14,R14) -> David González | L14: David González | M14: =IF(N14<>"",", ","") | O14: =IF(P14<>"",", ","") | Q14: =IF(N14<>"",", ","") | S14: =IF(P14<>"",", ","")
A15: GIE_5 | B15: Semestre temporal: 1º (5º Semestre Académico) | C15: 3º Grado en Ingeniería Electrónica Industrial y Automática | D15: GIE__5 | F15: 6313 | G15: 3 | H15: ING. ELECTRICA | I15: Fundamentos de Ingeniería Eléctrica | J15: 6 | K15: =CONCATENATE(L15,M15,N15,O15,P15,Q15,R15) -> Victoria Abad San Martín | L15: Victoria Abad San Martín | M15: =IF(N15<>"",", ","") | O15: =IF(P15<>"",", ","") | Q15: =IF(R15<>"",", ","") | S15: =IF(T15<>"",", ","")
A16: GIE_6 | B16: Semestre temporal: 2º (6º Semestre Académico) | C16: 3º Grado en Ingeniería Electrónica Industrial y Automática | D16: GIE__6 | F16: 6314 | G16: 3 | H16: ERMAT I | I16: Elasticidad y Resistencia de Materiales | J16: 6 | K16: =CONCATENATE(L16,M16,N16,O16,P16,Q16,R16) -> Isidoro Iván Cuesta | L16: Isidoro Iván Cuesta | M16: =IF(N16<>"",", ","") | O16: =IF(P16<>"",", ","") | Q16: =IF(R16<>"",", ","") | S16: =IF(T16<>"",", ","")
A17: GIE_7 | B17: Semestre temporal: 1º (7º Semestre Académico) | C17: 4º Grado en Ingeniería Electrónica Industrial y Automática | D17: GIE__7 | F17: 6315 | G17: 3 | H17: FLUIDOMECANICA | I17: Ingeniería Fluidomecánica | J17: 6 | K17: =CONCATENATE(L17,M17,N17,O17,P17,Q17,R17) -> Jose Antonio Barón Aguado | L17: Jose Antonio Barón Aguado | M17: =IF(N17<>"",", ","") | O17: =IF(P17<>"",", ","") | Q17: =IF(R17<>"",", ","") | S17: =IF(T17<>"",", ","")
A18: GIE_8 | B18: Semestre temporal: 2º (8º Semestre Académico) | C18: 4º Grado en Ingeniería Electrónica Industrial y Automática | D18: GIE__8 | F18: 6316 | G18: 3 | H18: AUTOMATISMOS | I18: Automatismos y Control Industrial | J18: 6 | K18: =CONCATENATE(L18,M18,N18,O18,P18,Q18,R18) -> Juan Vicente Martín Fraile | L18: Juan Vicente Martín Fraile | M18: =IF(N18<>"",", ","") | O18: =IF(P18<>"",", ","") | Q18: =IF(R18<>"",", ","") | S18: =IF(T18<>"",", ","")
F19: 6317 | G19: 4 | H19: EXP. GRAFICA II | I19: Expresión Gráfica II | J19: 6 | K19: =CONCATENATE(L19,M19,N19,O19,P19,Q19,R19) -> Arturo de Román Miguel, Esteban García Maté | L19: Arturo de Román Miguel | M19: =IF(L19<>"",", ","") -> , | N19: Esteban García Maté | O19: =IF(P19<>"",", ","") | Q19: =IF(R19<>"",", ","") | S19: =IF(T19<>"",", ","")
A20: GIO_1 | B20: Semestre temporal: 1º (1º Semestre Académico) | C20: 1º Grado en Ingeniería de Organización Industrial | D20: GIO__1 | F20: 6318 | G20: 4 | H20: ELECTRONICA | I20: Fundamentos de Electrónica | J20: 6 | K20: =CONCATENATE(L20,M20,N20,O20,P20,Q20,R20) -> María Isabel Dieste Velasco | L20: María Isabel Dieste Velasco | M20: =IF(N20<>"",", ","") | O20: =IF(P20<>"",", ","") | Q20: =IF(R20<>"",", ","") | S20: =IF(T20<>"",", ","")
A21: GIO_2 | B21: Semestre temporal: 2º (2º Semestre Académico) | C21: 1º Grado en Ingeniería de Organización Industrial | D21: GIO__2 | F21: 6319 | G21: 4 | H21: MECANISMOS | I21: Mecanismos | J21: 6 | K21: =CONCATENATE(L21,M21,N21,O21,P21,Q21,R21) -> Alberto Martínez Martínez | L21: Alberto Martínez Martínez | M21: =IF(N21<>"",", ","") | O21: =IF(P21<>"",", ","") | Q21: =IF(R21<>"",", ","") | S21: =IF(T21<>"",", ","")
A22: GIO_3 | B22: Semestre temporal: 1º (3º Semestre Académico) | C22: 2º Grado en Ingeniería de Organización Industrial | D22: GIO__3 | F22: 6320 | G22: 4 | H22: E.C.N. | I22: Estadística y Cálculo Numérico | J22: 6 | K22: =CONCATENATE(L22,M22,N22,O22,P22,Q22,R22) -> Alvaro Díez-Labín, Raúl del Barrio | L22: Alvaro Díez-Labín | M22: =IF(N22<>"",", ","") -> , | N22: Raúl del Barrio | O22: =IF(P22<>"",", ","") | Q22: =IF(R22<>"",", ","") | S22: =IF(T22<>"",", ","")
A23: GIO_4 | B23: Semestre temporal: 2º (4º Semestre Académico) | C23: 2º Grado en Ingeniería de Organización Industrial | D23: GIO__4 | F23: 6321 | G23: 4 | H23: ORGANIZACION | I23: Organización de la Producción | J23: 6 | K23: =CONCATENATE(L23,M23,N23,O23,P23,Q23,R23) -> Óscar Jesus González Alcántara | L23: Óscar Jesus González Alcántara | M23: =IF(N23<>"",", ","") | O23: =IF(P23<>"",", ","") | Q23: =IF(R23<>"",", ","") | S23: =IF(T23<>"",", ","")
A24: GIO_5 | B24: Semestre temporal: 1º (5º Semestre Académico) | C24: 3º Grado en Ingeniería de Organización Industrial | D24: GIO__5 | F24: 6322 | G24: 5 | H24: PROD. Y FABR. | I24: Sistemas de Producción y Fabricación | J24: 6 | K24: =CONCATENATE(L24,M24,N24,O24,P24,Q24,R24) -> Miguel Angel Mariscal, Miriam Lorenzo , Juan Marcos de las Heras | L24: Miguel Angel Mariscal | M24: =IF(N24<>"",", ","") -> , | N24: Miriam Lorenzo | O24: =IF(P24<>"",", ","") -> , | P24: Juan Marcos de las Heras | Q24: =IF(R24<>"",", ","") | S24: =IF(T24<>"",", ","")
A25: GIO_6 | B25: Semestre temporal: 2º (6º Semestre Académico) | C25: 3º Grado en Ingeniería de Organización Industrial | D25: GIO__6 | F25: 6323 | G25: 5 | H25: I. MATERIALES | I25: Ingeniería de Materiales | J25: 6 | K25: =CONCATENATE(L25,M25,N25,O25,P25,Q25,R25) -> Mónica Preciado, David Cárdenas, Jose Calaf | L25: Mónica Preciado | M25: =IF(N25<>"",", ","") -> , | N25: David Cárdenas | O25: =IF(P25<>"",", ","") -> , | P25: Jose Calaf | Q25: =IF(R25<>"",", ","") | S25: =IF(T25<>"",", ","")
A26: GIO_7 | B26: Semestre temporal: 1º (7º Semestre Académico) | C26: 4º Grado en Ingeniería de Organización Industrial | D26: GIO__7 | F26: 6324 | G26: 5 | H26: RESISTENCIA II | I26: Resistencia de Materiales II | J26: 6 | K26: =CONCATENATE(L26,M26,N26,O26,P26,Q26,R26) -> Jesús Manuel Alegre, Wilco Verbeeten, Andrés Díaz | L26: Jesús Manuel Alegre | M26: =IF(N26<>"",", ","") -> , | N26: Wilco Verbeeten | O26: =IF(P26<>"",", ","") -> , | P26: Andrés Díaz | Q26: =IF(R26<>"",", ","") | S26: =IF(T26<>"",", ","")
A27: GIO_8 | B27: Semestre temporal: 2º (8º Semestre Académico) | C27: 4º Grado en Ingeniería de Organización Industrial | D27: GIO__8 | F27: 6325 | G27: 5 | H27: ING. GRAFICA | I27: Ingeniería Gráfica | J27: 6 | K27: =CONCATENATE(L27,M27,N27,O27,P27,Q27,R27) -> Elías Martínez | L27: Elías Martínez | M27: =IF(N27<>"",", ","") | O27: =IF(P27<>"",", ","") | Q27: =IF(R27<>"",", ","") | S27: =IF(T27<>"",", ","")
F28: 6326 | G28: 5 | H28: MECANISMOS II | I28: Mecanismos II | J28: 6 | K28: =CONCATENATE(L28,M28,N28,O28,P28,Q28,R28) -> Eduardo Pérez Colina | L28: Eduardo Pérez Colina | M28: =IF(N28<>"",", ","") | O28: =IF(P28<>"",", ","") | Q28: =IF(R28<>"",", ","") | S28: =IF(T28<>"",", ","")
A29: GII_1 | B29: Semestre temporal: 1º (1º Semestre Académico) | C29: 1º Grado en Ingeniería Informática | D29: GII__1 | F29: 6327 | G29: 6 | H29: MAQ. HIDRAUL. | I29: Máquinas Hidráulicas | J29: 6 | K29: =CONCATENATE(L29,M29,N29,O29,P29,Q29,R29) -> Ignacio Velázquez, David González | L29: Ignacio Velázquez | M29: , | N29: David González | O29: =IF(P29<>"",", ","") | Q29: =IF(R29<>"",", ","") | S29: =IF(T29<>"",", ","")
A30: GII_2 | B30: Semestre temporal: 2º (2º Semestre Académico) | C30: 1º Grado en Ingeniería Informática | D30: GII__2 | F30: 6328 | G30: 6 | H30: TÉRMICA II | I30: Ingeniería Térmica II | J30: 6 | K30: =CONCATENATE(L30,M30,N30,O30,P30,Q30,R30) -> Cristina Alonso Tristán, David González | L30: Cristina Alonso Tristán | M30: =IF(N30<>"",", ","") -> , | N30: David González | O30: =IF(P30<>"",", ","") | Q30: =IF(R30<>"",", ","") | S30: =IF(T30<>"",", ","")
A31: GII_3 | B31: Semestre temporal: 1º (3º Semestre Académico) | C31: 2º Grado en Ingeniería Informática | D31: GII__3 | F31: 6329 | G31: 6 | H31: DISEÑO MAQ. I | I31: Diseño de Máquinas I | J31: 6 | K31: =CONCATENATE(L31,M31,N31,O31,P31,Q31,R31) -> Mª José García | L31: Mª José García | M31: =IF(N31<>"",", ","") | O31: =IF(P31<>"",", ","") | Q31: =IF(R31<>"",", ","") | S31: =IF(T31<>"",", ","")
A32: GII_4 | B32: Semestre temporal: 2º (4º Semestre Académico) | C32: 2º Grado en Ingeniería Informática | D32: GII__4 | F32: 6330 | G32: 6 | H32: ESTRUCTURAS I | I32: Estructuras I | J32: 6 | K32: =CONCATENATE(L32,M32,N32,O32,P32,Q32,R32) -> Jesus Moreno Revilla, Rosario Moradillo | L32: Jesus Moreno Revilla | M32: =IF(N32<>"",", ","") -> , | N32: Rosario Moradillo | O32: =IF(P32<>"",", ","") | Q32: =IF(R32<>"",", ","") | S32: =IF(T32<>"",", ","")
A33: GII_5 | B33: Semestre temporal: 1º (5º Semestre Académico) | C33: 3º Grado en Ingeniería Informática | D33: GII__5 | F33: 6331 | G33: 6 | H33: TECN. MEC. I | I33: Tecnología Mecánica I | J33: 6 | K33: =CONCATENATE(L33,M33,N33,O33,P33,Q33,R33) -> Mirian Lorenzo | L33: Mirian Lorenzo | M33: =IF(N33<>"",", ","") | O33: =IF(P33<>"",", ","") | Q33: =IF(R33<>"",", ","") | S33: =IF(T33<>"",", ","")
A34: GII_6 | B34: Semestre temporal: 2º (6º Semestre Académico) | C34: 3º Grado en Ingeniería Informática | D34: GII__6 | F34: 6332 | G34: 7 | H34: INSTALACIONES I | I34: Instalaciones Industriales I | J34: 6 | K34: =CONCATENATE(L34,M34,N34,O34,P34,Q34,R34) -> Luis Alfredo Suárez Vivar | L34: Luis Alfredo Suárez Vivar | M34: =IF(N34<>"",", ","") | O34: =IF(P34<>"",", ","") | Q34: =IF(R34<>"",", ","") | S34: =IF(T34<>"",", ","")
A35: GII_7 | B35: Semestre temporal: 1º (7º Semestre Académico) | C35: 4º Grado en Ingeniería Informática | D35: GII__7 | F35: 6333 | G35: 7 | H35: DISEÑO MAQ. II | I35: Diseño de Máquinas II | J35: 6 | K35: =CONCATENATE(L35,M35,N35,O35,P35,Q35,R35) -> Alberto Martínez Martínez | L35: Alberto Martínez Martínez | M35: =IF(N35<>"",", ","") | O35: =IF(P35<>"",", ","") | Q35: =IF(R35<>"",", ","") | S35: =IF(T35<>"",", ","")
A36: GII_8 | B36: Semestre temporal: 2º (8º Semestre Académico) | C36: 4º Grado en Ingeniería Informática | D36: GII__8 | F36: 6334 | G36: 7 | H36: ESTRUCTURAS II | I36: Estructuras II | J36: 6 | K36: =CONCATENATE(L36,M36,N36,O36,P36,Q36,R36) -> José Antonio Martinez,Jesús Mínguez, Álvaro Mena | L36: José Antonio Martinez | M36: , | N36: Jesús Mínguez | O36: =IF(P36<>"",", ","") -> , | P36: Álvaro Mena | Q36: =IF(R36<>"",", ","") | S36: =IF(T36<>"",", ","")
F37: 6335 | G37: 7 | H37: MAQ. TERMICAS | I37: Máquinas Térmicas | J37: 6 | K37: =CONCATENATE(L37,M37,N37,O37,P37,Q37,R37) -> Fernando Aguilar Romero | L37: Fernando Aguilar Romero | M37: =IF(N37<>"",", ","") | O37: =IF(P37<>"",", ","") | Q37: =IF(R37<>"",", ","") | S37: =IF(T37<>"",", ","")
A38: MIND_1 | B38: Semestre temporal: 1º (1º Semestre Académico) | C38: 1º Máster en Ingeniería Industrial | D38: MIND__1 | F38: 6336 | G38: 7 | H38: OFICINA TÉCNICA | I38: Oficina Técnica | J38: 6 | K38: =CONCATENATE(L38,M38,N38,O38,P38,Q38,R38) -> Raúl Zamora | L38: Raúl Zamora | M38: =IF(N38<>"",", ","") | O38: =IF(P38<>"",", ","") | Q38: =IF(R38<>"",", ","") | S38: =IF(T38<>"",", ","")
A39: MIND_2 | B39: Semestre temporal: 2º (2º Semestre Académico) | C39: 1º Máster en Ingeniería Industrial | D39: MIND__2 | F39: 8507 | G39: 8 | H39: SIMULACION | I39: Simulación Numérica de Componentes y Estructuras | J39: 6 (OP) | K39: No se imparte curso 24-25 | M39: =IF(N39<>"",", ","") | O39: =IF(P39<>"",", ","") | Q39: =IF(R39<>"",", ","") | S39: =IF(T39<>"",", ","")
A40: MIND_3 | B40: Semestre temporal: 1º (3º Semestre Académico) | C40: 2º Máster en Ingeniería Industrial | D40: MIND__3 | F40: 6338 | G40: 8 | H40: TECN. MEC. II | I40: Tecnología Mecánica II | J40: 6 (OP) | K40: No se imparte curso 24-25 | M40: =IF(N40<>"",", ","") | O40: =IF(P40<>"",", ","") | Q40: =IF(R40<>"",", ","") | S40: =IF(T40<>"",", ","")
F41: 6339 | G41: 8 | H41: EQUILIBRADO | I41: Equilibrado de Máquinas | J41: 6 (OP) | K41: No se imparte curso 24-25 | M41: =IF(N41<>"",", ","") | O41: =IF(P41<>"",", ","") | Q41: =IF(R41<>"",", ","") | S41: =IF(T41<>"",", ","")
F42: 6340 | G42: 8 | H42: RENOV. Y M.AMB | I42: Energías Renovables y Medio Ambiente | J42: 6 (OP) | K42: =CONCATENATE(L42,M42,N42,O42,P42,Q42,R42) -> Manuel Iván González, Luis Antonio Marcos | L42: Manuel Iván González | M42: =IF(N42<>"",", ","") -> , | N42: Luis Antonio Marcos | O42: =IF(P42<>"",", ","") | Q42: =IF(R42<>"",", ","") | S42: =IF(T42<>"",", ","")
A43: MINF_1 | B43: Semestre temporal: 1º (1º Semestre Académico) | C43: 1º Máster en Ingeniería Informática | D43: MII__1 | F43: 6341 | G43: 8 | H43: INGLÉS | I43: Inglés Aplicado a la Ingeniería Mecánica | J43: 6 (OP) | K43: =CONCATENATE(L43,M43,N43,O43,P43,Q43,R43) -> Ana Isabel Gómez | L43: Ana Isabel Gómez | M43: =IF(N43<>"",", ","") | O43: =IF(P43<>"",", ","") | Q43: =IF(R43<>"",", ","") | S43: =IF(T43<>"",", ","")
A44: MINF_2 | B44: Semestre temporal: 2º (2º Semestre Académico) | C44: 1º Máster en Ingeniería Informática | D44: MII__2 | K44: =CONCATENATE(L44,M44,N44,O44,P44,Q44,R44) | M44: =IF(N44<>"",", ","") | O44: =IF(P44<>"",", ","") | Q44: =IF(R44<>"",", ","") | S44: =IF(T44<>"",", ","")
A45: MINF_3 | B45: Semestre temporal: 1º (3º Semestre Académico) | C45: 2º Máster en Ingeniería Informática | D45: MII__3 | F45: GRADO EN INGENIERIA ELECTRONICA | K45: =CONCATENATE(L45,M45,N45,O45,P45,Q45,R45) | M45: =IF(N45<>"",", ","") | O45: =IF(P45<>"",", ","") | Q45: =IF(R45<>"",", ","") | S45: =IF(T45<>"",", ","")
F46: 6392 | G46: 1 | H46: ÁLGEBRA | I46: Álgebra y Ecuaciones Diferenciales | J46: 6 | K46: =CONCATENATE(L46,M46,N46,O46,P46,Q46,R46) -> Roberto Casado | L46: Roberto Casado | M46: =IF(N46<>"",", ","") | O46: =IF(P46<>"",", ","") | Q46: =IF(R46<>"",", ","") | S46: =IF(T46<>"",", ","")
F47: 6393 | G47: 1 | H47: CÁLCULO | I47: Cálculo | J47: 6 | K47: =CONCATENATE(L47,M47,N47,O47,P47,Q47,R47) -> Roberto Casado | L47: Roberto Casado | M47: =IF(N47<>"",", ","") | O47: =IF(P47<>"",", ","") | Q47: =IF(R47<>"",", ","") | S47: =IF(T47<>"",", ","")
A48: CAGIM_1 | B48: Semestre temporal: 1º (1º Semestre Académico) | C48: Curso de Adaptación al Grado de Ingeniería Mecánica | D48: CAGIM__1 | F48: 6394 | G48: 1 | H48: FÍSICA I | I48: Física I | J48: 6 | K48: =CONCATENATE(L48,M48,N48,O48,P48,Q48,R48) -> Alfonso Blasco Sanz | L48: Alfonso Blasco Sanz | M48: =IF(N48<>"",", ","") | O48: =IF(P48<>"",", ","") | Q48: =IF(R48<>"",", ","") | S48: =IF(T48<>"",", ","")
A49: CAGIM_2 | B49: Semestre temporal: 2º (2º Semestre Académico) | C49: Curso de Adaptación al Grado de Ingeniería Mecánica | D49: CAGIM__2 | F49: 6395 | G49: 1 | H49: EXP. GRÁFICA | I49: Expresión Gráfica | J49: 6 | K49: =CONCATENATE(L49,M49,N49,O49,P49,Q49,R49) -> Esteban García Maté, Esther Baños García | L49: Esteban García Maté | M49: =IF(N49<>"",", ","") -> , | N49: Esther Baños García | O49: =IF(P49<>"",", ","") | Q49: =IF(R49<>"",", ","") | S49: =IF(T49<>"",", ","")
F50: 6396 | G50: 1 | H50: INFORMÁTICA | I50: Informática Básica | J50: 6 | K50: =CONCATENATE(L50,M50,N50,O50,P50,Q50,R50) -> Beatriz Gil Arroyo, Sergio Martín Marquina | L50: Beatriz Gil Arroyo | M50: , | N50: Sergio Martín Marquina | O50: =IF(P50<>"",", ","") | Q50: =IF(R50<>"",", ","") | S50: =IF(T50<>"",", ","")
A51: CAGIE_1 | B51: Semestre temporal: 1º (1º Semestre Académico) | C51: Curso de Adaptación al Grado de Ingeniería Electrónica Ind y Automática | D51: CAGIE__1 | K51: =CONCATENATE(L51,M51,N51,O51,P51,Q51,R51) | M51: =IF(N51<>"",", ","") | O51: =IF(P51<>"",", ","") | Q51: =IF(R51<>"",", ","") | S51: =IF(T51<>"",", ","")
A52: CAGIE_2 | B52: Semestre temporal: 2º (2º Semestre Académico) | C52: Curso de Adaptación al Grado de Ingeniería Electrónica Ind y Automática | D52: CAGIE__2 | F52: 6397 | G52: 2 | H52: MATERIALES | I52: Ciencia de Materiales: Est. y propiedades | J52: 6 | K52: =CONCATENATE(L52,M52,N52,O52,P52,Q52,R52) -> Mónica Preciado Calzada | L52: Mónica Preciado Calzada | M52: =IF(N52<>"",", ","") | O52: =IF(P52<>"",", ","") | Q52: =IF(R52<>"",", ","") | S52: =IF(T52<>"",", ","")
F53: 6398 | G53: 2 | H53: AMP. CÁLCULO | I53: Ampliación de Cálculo y Geometría | J53: 6 | K53: =CONCATENATE(L53,M53,N53,O53,P53,Q53,R53) -> Antonio Manzano, Leticia Sainz | L53: Antonio Manzano | M53: =IF(N53<>"",", ","") -> , | N53: Leticia Sainz | O53: =IF(P53<>"",", ","") | Q53: =IF(R53<>"",", ","") | S53: =IF(T53<>"",", ","")
A54: MDURAB_1 | B54: Semestre temporal: 1º (1º Semestre Académico) | C54: Máster en Integridad y Durabilidad de Materiales | D54: MDUR__1 | F54: 6399 | G54: 2 | H54: FÍSICA II | I54: Física II | J54: 6 | K54: =CONCATENATE(L54,M54,N54,O54,P54,Q54,R54) -> Maria Felicidad Bogalo Roman | L54: Maria Felicidad Bogalo Roman | M54: =IF(N54<>"",", ","") | O54: =IF(P54<>"",", ","") | Q54: =IF(R54<>"",", ","") | S54: =IF(T54<>"",", ","")
A55: MDURAB_2 | B55: Semestre temporal: 2º (2º Semestre Académico) | C55: Máster en Integridad y Durabilidad de Materiales | D55: MDUR__2 | F55: 6400 | G55: 2 | H55: QUÍMICA | I55: Química | J55: 6 | K55: =CONCATENATE(L55,M55,N55,O55,P55,Q55,R55) -> Rafael Alcalde García, Santiago Aparicio | L55: Rafael Alcalde García | M55: =IF(N55<>"",", ","") -> , | N55: Santiago Aparicio | O55: =IF(P55<>"",", ","") | Q55: =IF(R55<>"",", ","") | S55: =IF(T55<>"",", ","")
F56: 6401 | G56: 2 | H56: ECONOMÍA | I56: Economía de la Empresa | J56: 6 | K56: =CONCATENATE(L56,M56,N56,O56,P56,Q56,R56) -> María Teresa Peña Pérez | L56: María Teresa Peña Pérez | M56: =IF(N56<>"",", ","") | O56: =IF(P56<>"",", ","") | Q56: =IF(R56<>"",", ","") | S56: =IF(T56<>"",", ","")
F57: 6400-E | G57: 2 | H57: CHEMISTRY | I57: Química (English Group) | J57: 6 | K57: =CONCATENATE(L57,M57,N57,O57,P57,Q57,R57) -> Santiago Aparicio Martínez | L57: Santiago Aparicio Martínez
A58: PRUEBAS | B58: Pruebas de Evaluacion Continua | F58: 6402 | G58: 3 | H58: TÉRMICA | I58: Ingeniería Térmica | J58: 6 | K58: =CONCATENATE(L58,M58,N58,O58,P58,Q58,R58) -> Natalia Muñoz Rujas | L58: Natalia Muñoz Rujas | M58: =IF(N58<>"",", ","") | O58: =IF(P58<>"",", ","") | Q58: =IF(R58<>"",", ","") | S58: =IF(T58<>"",", ","")
F59: 6403 | G59: 3 | H59: E.C.N. | I59: Estadística y Cálculo Numérico | J59: 6 | K59: =CONCATENATE(L59,M59,N59,O59,P59,Q59,R59) | M59: =IF(N59<>"",", ","") | O59: =IF(P59<>"",", ","") | Q59: =IF(R59<>"",", ","") | S59: =IF(T59<>"",", ","")
A60: GIS_1 | B60: Semestre temporal: 1º (1º Semestre Académico) | C60: 1º Grado en Ingeniería de la Salud | D60: GIS__1 | F60: 6404 | G60: 3 | H60: ING. ELÉCTRICA | I60: Fundamentos de Ingeniería Eléctrica | J60: 6 | K60: =CONCATENATE(L60,M60,N60,O60,P60,Q60,R60) -> Javier González | L60: Javier González | M60: =IF(N60<>"",", ","") | O60: =IF(P60<>"",", ","") | Q60: =IF(R60<>"",", ","") | S60: =IF(T60<>"",", ","")
A61: GIS_2 | B61: Semestre temporal: 2º (2º Semestre Académico) | C61: 1º Grado en Ingeniería de la Salud | D61: GIS__2 | F61: 6405 | G61: 3 | H61: ORG. PROD. | I61: Organización de la Producción | J61: 6 | K61: =CONCATENATE(L61,M61,N61,O61,P61,Q61,R61) -> Miguel Angel Manzanedo, Carlos Alonso, Ricardo del Olmo | L61: Miguel Angel Manzanedo | M61: =IF(N61<>"",", ","") -> , | N61: Carlos Alonso | O61: =IF(P61<>"",", ","") -> , | P61: Ricardo del Olmo | Q61: =IF(R61<>"",", ","") | S61: =IF(T61<>"",", ","")
A62: GIS_3 | B62: Semestre temporal: 1º (3º Semestre Académico) | C62: 2º Grado en Ingeniería de la Salud | D62: GIS__3 | F62: 6406 | G62: 3 | H62: ERMAT | I62: Elasticidad y Resistencia de Materiales | J62: 6 | K62: =CONCATENATE(L62,M62,N62,O62,P62,Q62,R62) -> Manuel Solaguren-Beascoa | L62: Manuel Solaguren-Beascoa | M62: =IF(N62<>"",", ","") | O62: =IF(P62<>"",", ","") | Q62: =IF(R62<>"",", ","") | S62: =IF(T62<>"",", ","")
A63: GIS_4 | B63: Semestre temporal: 2º (4º Semestre Académico) | C63: 2º Grado en Ingeniería de la Salud | D63: GIS__4 | F63: 6407 | G63: 4 | H63: FLUIDOMECÁNICA | I63: Ingeniería Fluidomecánica | J63: 6 | K63: =CONCATENATE(L63,M63,N63,O63,P63,Q63,R63) -> Jesús Marcos García | L63: Jesús Marcos García | M63: =IF(N63<>"",", ","") | O63: =IF(P63<>"",", ","") | Q63: =IF(R63<>"",", ","") | S63: =IF(T63<>"",", ","")
A64: GIS_5 | B64: Semestre temporal: 1º (5º Semestre Académico) | C64: 3º Grado en Ingeniería de la Salud | D64: GIS__5 | F64: 6408 | G64: 4 | H64: ELECTRÓNICA | I64: Fundamentos de Electrónica | J64: 6 | K64: =CONCATENATE(L64,M64,N64,O64,P64,Q64,R64) -> Jesús H. Lucio, Guzmán Moreno | L64: Jesús H. Lucio | M64: =IF(N64<>"",", ","") -> , | N64: Guzmán Moreno | O64: =IF(P64<>"",", ","") | Q64: =IF(R64<>"",", ","") | S64: =IF(T64<>"",", ","")
A65: GIS_6 | B65: Semestre temporal: 2º (6º Semestre Académico) | C65: 3º Grado en Ingeniería de la Salud | D65: GIS__6 | F65: 6409 | G65: 4 | H65: MECANISMOS | I65: Mecanismos | J65: 6 | K65: =CONCATENATE(L65,M65,N65,O65,P65,Q65,R65) -> Francisco Javier Gómez Gil | L65: Francisco Javier Gómez Gil | M65: =IF(N65<>"",", ","") | O65: =IF(P65<>"",", ","") | Q65: =IF(R65<>"",", ","") | S65: =IF(T65<>"",", ","")
A66: GIS_7 | B66: Semestre temporal: 1º (7º Semestre Académico) | C66: 4º Grado en Ingeniería de la Salud | D66: GIS__7 | F66: 6410 | G66: 4 | H66: AUTOMATISMOS | I66: Automatismos y Control Industrial | J66: 6 | K66: =CONCATENATE(L66,M66,N66,O66,P66,Q66,R66) -> José María Vela Castresana | L66: José María Vela Castresana | M66: =IF(N66<>"",", ","") | O66: =IF(P66<>"",", ","") | Q66: =IF(R66<>"",", ","") | S66: =IF(T66<>"",", ","")
A67: GIS_8 | B67: Semestre temporal: 2º (8º Semestre Académico) | C67: 4º Grado en Ingeniería de la Salud | D67: GIS__8 | F67: 6411 | G67: 4 | H67: CIRCUITOS | I67: Teoría de Circuitos | J67: 6 | K67: =CONCATENATE(L67,M67,N67,O67,P67,Q67,R67) -> Victoria Abad, Jesús Sagredo | L67: Victoria Abad | M67: =IF(N67<>"",", ","") -> , | N67: Jesús Sagredo | O67: =IF(P67<>"",", ","") | Q67: =IF(R67<>"",", ","") | S67: =IF(T67<>"",", ","")
F68: 6412 | G68: 5 | H68: ELECT. ANALOG. | I68: Electrónica Analógica | J68: 6 | K68: =CONCATENATE(L68,M68,N68,O68,P68,Q68,R68) -> Jesús H. Lucio, | L68: Jesús H. Lucio | M68: =IF(L68<>"",", ","") -> , | O68: =IF(N68<>"",", ","") | Q68: =IF(R68<>"",", ","") | S68: =IF(T68<>"",", ","")
A69: DOB_1 | B69: Semestre temporal: 1º (1º Semestre Académico) | C69: 1º DOBLE GIM-GIEIA | D69: DOB_1 | F69: 6413 | G69: 5 | H69: ELECT. DIGITAL | I69: Electrónica Digital | J69: 6 | K69: =CONCATENATE(L69,M69,N69,O69,P69,Q69,R69) -> Miguel Angel Lozano Pérez | L69: Miguel Angel Lozano Pérez | M69: =IF(N69<>"",", ","") | O69: =IF(P69<>"",", ","") | Q69: =IF(R69<>"",", ","") | S69: =IF(T69<>"",", ","")
A70: DOB_2 | B70: Semestre temporal: 2º (2º Semestre Académico) | C70: 1º DOBLE GIM-GIEIA | D70: DOB_2 | F70: 6414 | G70: 5 | H70: REG. AUTOMAT. | I70: Regulación Automática | J70: 6 | K70: =CONCATENATE(L70,M70,N70,O70,P70,Q70,R70) -> Gabriel Rubio Pérez | L70: Gabriel Rubio Pérez | M70: =IF(N70<>"",", ","") | O70: =IF(P70<>"",", ","") | Q70: =IF(R70<>"",", ","") | S70: =IF(T70<>"",", ","")
A71: DOB_3 | B71: Semestre temporal: 1º (3º Semestre Académico) | C71: 2º DOBLE GIM-GIEIA | D71: DOB_3 | F71: 6415 | G71: 5 | H71: SIST. ELECTRÓN. | I71: Tecnología de los Sistemas Electrónicos | J71: 6 | K71: =CONCATENATE(L71,M71,N71,O71,P71,Q71,R71) -> Miguel Ángel Cantera, Guzmán Moreno | L71: Miguel Ángel Cantera | M71: =IF(N71<>"",", ","") -> , | N71: Guzmán Moreno | O71: =IF(P71<>"",", ","") | Q71: =IF(R71<>"",", ","") | S71: =IF(T71<>"",", ","")
A72: DOB_4 | B72: Semestre temporal: 2º (4º Semestre Académico) | C72: 2º DOBLE GIM-GIEIA | D72: DOB_4 | F72: 6416 | G72: 5 | H72: MAQUINAS ELÉC. | I72: Máquinas Eléctricas | J72: 6 | K72: =CONCATENATE(L72,M72,N72,O72,P72,Q72,R72) -> Vanesa Fernández Cavero | L72: Vanesa Fernández Cavero | M72: =IF(N72<>"",", ","") | O72: =IF(P72<>"",", ","") | Q72: =IF(R72<>"",", ","") | S72: =IF(T72<>"",", ","")
A73: DOB_5 | B73: Semestre temporal: 1º (5º Semestre Académico) | C73: 3º DOBLE GIM-GIEIA | D73: DOB_5 | F73: 6417 | G73: 6 | H73: ELECT. POTENCIA | I73: Electrónica de Potencia | J73: 6 | K73: =CONCATENATE(L73,M73,N73,O73,P73,Q73,R73) -> Guirguis Zaki, Guzmán Moreno | L73: Guirguis Zaki | M73: =IF(N73<>"",", ","") -> , | N73: Guzmán Moreno | O73: =IF(P73<>"",", ","") | Q73: =IF(R73<>"",", ","") | S73: =IF(T73<>"",", ","")
A74: DOB_6 | B74: Semestre temporal: 2º (6º Semestre Académico) | C74: 3º DOBLE GIM-GIEIA | D74: DOB_6 | F74: 6418 | G74: 6 | H74: SIST. MICRO. | I74: Sistemas Basados en Microprocesad. | J74: 6 | K74: =CONCATENATE(L74,M74,N74,O74,P74,Q74,R74) -> Miguel Ángel Cantera Cuartango, | L74: Miguel Ángel Cantera Cuartango | M74: , | O74: =IF(P74<>"",", ","") | Q74: =IF(R74<>"",", ","") | S74: =IF(T74<>"",", ","")
A75: DOB_7 | B75: Semestre temporal: 1º (7º Semestre Académico) | C75: 4º DOBLE GIM-GIEIA | D75: DOB_7 | F75: 6419 | G75: 6 | H75: INSTR. ELECT. | I75: Instrumentación Electrónica | J75: 6 | K75: =CONCATENATE(L75,M75,N75,O75,P75,Q75,R75) -> Ignacio Moreno Velasco | L75: Ignacio Moreno Velasco | M75: =IF(N75<>"",", ","") | O75: =IF(P75<>"",", ","") | Q75: =IF(R75<>"",", ","") | S75: =IF(T75<>"",", ","")
A76: DOB_8 | B76: Semestre temporal: 2º (8º Semestre Académico) | C76: 4º DOBLE GIM-GIEIA | D76: DOB_8 | F76: 6420 | G76: 6 | H76: CONTROL PROC. | I76: Control de Procesos Industriales | J76: 6 | K76: =CONCATENATE(L76,M76,N76,O76,P76,Q76,R76) -> Rubén Ruiz | L76: Rubén Ruiz | M76: =IF(N76<>"",", ","") | O76: =IF(P76<>"",", ","") | Q76: =IF(R76<>"",", ","") | S76: =IF(T76<>"",", ","")
A77: DOB_9 | B77: Semestre temporal: 1º (9º Semestre Académico) | C77: 5º DOBLE GIM-GIEIA | D77: DOB_9 | F77: 6421 | G77: 6 | H77: PROD. Y FABRIC. | I77: Sistemas de Producción y Fabricación | J77: 6 | K77: =CONCATENATE(L77,M77,N77,O77,P77,Q77,R77) -> Juan Marcos de las Heras, Miriam Lorenzo | L77: Juan Marcos de las Heras | M77: =IF(N77<>"",", ","") -> , | N77: Miriam Lorenzo | O77: =IF(P77<>"",", ","") | Q77: =IF(R77<>"",", ","") | S77: =IF(T77<>"",", ","")
A78: DOB_10 | B78: Semestre temporal: 1º (10º Semestre Académico) | C78: 5º DOBLE GIM-GIEIA | D78: DOB_10 | F78: 6422 | G78: 7 | H78: INFIND | I78: Informática Industrial | J78: 6 | K78: =CONCATENATE(L78,M78,N78,O78,P78,Q78,R78) -> José Luis Jabato | L78: José Luis Jabato | M78: =IF(N78<>"",", ","") | O78: =IF(P78<>"",", ","") | Q78: =IF(R78<>"",", ","") | S78: =IF(T78<>"",", ","")
F79: 6423 | G79: 7 | H79: OFICINA TÉCNICA | I79: Oficina Técnica | J79: 6 | K79: =CONCATENATE(L79,M79,N79,O79,P79,Q79,R79) -> Raúl Zamora | L79: Raúl Zamora | M79: =IF(N79<>"",", ","") | O79: =IF(P79<>"",", ","") | Q79: =IF(R79<>"",", ","") | S79: =IF(T79<>"",", ","")
F80: 6424 | G80: 7 | H80: ELECTRON. IND. | I80: Aplicación de la Electrónica Industrial | J80: 6 (OP) | K80: =CONCATENATE(L80,M80,N80,O80,P80,Q80,R80) -> Miguel Angel Lozano Pérez | L80: Miguel Angel Lozano Pérez | M80: =IF(N80<>"",", ","") | O80: =IF(P80<>"",", ","") | Q80: =IF(R80<>"",", ","") | S80: =IF(T80<>"",", ","")
A81: MESO 1 | F81: 6425 | G81: 7 | H81: INST SOLARES | I81: Automatización de instalaciones solares y eólicas | J81: 6 (OP) | K81: =CONCATENATE(L81,M81,N81,O81,P81,Q81,R81) | M81: =IF(N81<>"",", ","") | O81: =IF(P81<>"",", ","") | Q81: =IF(R81<>"",", ","") | S81: =IF(T81<>"",", ","")
A82: MESO 2 | F82: 6426 | G82: 7 | H82: RENOVABLES | I82: Energías Renovables | J82: 6 (OP) | K82: =CONCATENATE(L82,M82,N82,O82,P82,Q82,R82) -> Manuel Iván González Martín | L82: Manuel Iván González Martín | M82: =IF(N82<>"",", ","") | O82: =IF(P82<>"",", ","") | Q82: =IF(R82<>"",", ","") | S82: =IF(T82<>"",", ","")
F83: 6427 | G83: 7 | H83: PREV. RIESGOS | I83: Seguridad y Prevención de Riesgos | J83: 6 (OP) | K83: =CONCATENATE(L83,M83,N83,O83,P83,Q83,R83) | M83: =IF(N83<>"",", ","") | O83: =IF(P83<>"",", ","") | Q83: =IF(R83<>"",", ","") | S83: =IF(T83<>"",", ","")
F84: 6428 | G84: 7 | H84: INTEG S.E. | I84: Integración de los Sist. Electron. | J84: 6 (OP) | K84: =CONCATENATE(L84,M84,N84,O84,P84,Q84,R84) -> Miguel Angel Lozano Pérez | L84: Miguel Angel Lozano Pérez | M84: =IF(N84<>"",", ","") | O84: =IF(P84<>"",", ","") | Q84: =IF(R84<>"",", ","") | S84: =IF(T84<>"",", ","")
F85: 6429 | G85: 7 | H85: INSTAL. ELEC. | I85: Instalaciones Eléctricas | J85: 6 (OP) | K85: =CONCATENATE(L85,M85,N85,O85,P85,Q85,R85) -> Vanesa Fernández Cavero | L85: Vanesa Fernández Cavero | M85: =IF(N85<>"",", ","") | O85: =IF(P85<>"",", ","") | Q85: =IF(R85<>"",", ","") | S85: =IF(T85<>"",", ","")
F86: 6430 | G86: 7 | H86: DAO | I86: Diseño Asistido por Ordenador | J86: 6 (OP) | K86: =CONCATENATE(L86,M86,N86,O86,P86,Q86,R86) -> Carlos Melgosa Pedrosa | L86: Carlos Melgosa Pedrosa | M86: =IF(N86<>"",", ","") | O86: =IF(P86<>"",", ","") | Q86: =IF(R86<>"",", ","") | S86: =IF(T86<>"",", ","")
F87: 6431 | G87: 8 | H87: AUTIND | I87: Automatización Industrial | J87: 6 | K87: =CONCATENATE(L87,M87,N87,O87,P87,Q87,R87) -> Juan Vicente Martín Fraile | L87: Juan Vicente Martín Fraile | M87: =IF(N87<>"",", ","") | O87: =IF(P87<>"",", ","") | Q87: =IF(R87<>"",", ","") | S87: =IF(T87<>"",", ","")
F88: 6432 | G88: 8 | H88: ROBÓTICA | I88: Robótica Industrial | J88: 6 | K88: =CONCATENATE(L88,M88,N88,O88,P88,Q88,R88) -> Jesús Enrique Sierra | L88: Jesús Enrique Sierra | M88: =IF(N88<>"",", ","") | O88: =IF(P88<>"",", ","") | Q88: =IF(R88<>"",", ","") | S88: =IF(T88<>"",", ","")
K89: =CONCATENATE(L89,M89,N89,O89,P89,Q89,R89) | M89: =IF(N89<>"",", ","") | O89: =IF(P89<>"",", ","") | Q89: =IF(R89<>"",", ","") | S89: =IF(T89<>"",", ","")
F90: GRADO EN INGENIERIA DE ORGANIZACIÓN | K90: =CONCATENATE(L90,M90,N90,O90,P90,Q90,R90) | M90: =IF(N90<>"",", ","") | O90: =IF(P90<>"",", ","") | Q90: =IF(R90<>"",", ","") | S90: =IF(T90<>"",", ","")
F91: 9115 | G91: 1 | H91: CALCULO | I91: Cálculo | J91: 6 | K91: =CONCATENATE(L91,M91,N91,O91,P91,Q91,R91) -> Jose Luis Fernández, Silvia Alvárez de Eulate | L91: Jose Luis Fernández | M91: =IF(N91<>"",", ","") -> , | N91: Silvia Alvárez de Eulate | O91: =IF(P91<>"",", ","") | Q91: =IF(R91<>"",", ","") | S91: =IF(T91<>"",", ","")
F92: 9116 | G92: 1 | H92: FISICA I | I92: Física I | J92: 6 | K92: =CONCATENATE(L92,M92,N92,O92,P92,Q92,R92) -> María del Mar Chichón González | L92: María del Mar Chichón González | M92: =IF(N92<>"",", ","") | O92: =IF(P92<>"",", ","") | Q92: =IF(R92<>"",", ","") | S92: =IF(T92<>"",", ","")
F93: 9117 | G93: 1 | H93: EXP. GRAFICA I | I93: Expresión Gráfica E/I (Español/Inglés) | J93: 6 | K93: =CONCATENATE(L93,M93,N93,O93,P93,Q93,R93) -> M. Esther Baños García, Esteban García | L93: M. Esther Baños García | M93: =IF(N93<>"",", ","") -> , | N93: Esteban García | O93: =IF(P93<>"",", ","") | Q93: =IF(R93<>"",", ","") | S93: =IF(T93<>"",", ","")
F94: 9118 | G94: 1 | H94: INFORMATICA | I94: Informática Básica | J94: 6 | K94: =CONCATENATE(L94,M94,N94,O94,P94,Q94,R94) -> Ángel Arroyo Puente, | L94: Ángel Arroyo Puente | M94: , | O94: =IF(P94<>"",", ","") | Q94: =IF(R94<>"",", ","") | S94: =IF(T94<>"",", ","")
F95: 9119 | G95: 1 | H95: QUIMICA | I95: Química | J95: 6 | K95: =CONCATENATE(L95,M95,N95,O95,P95,Q95,R95) -> Luis Marcos Naveira | L95: Luis Marcos Naveira | M95: =IF(N95<>"",", ","") | O95: =IF(P95<>"",", ","") | Q95: =IF(R95<>"",", ","") | S95: =IF(T95<>"",", ","")
H96: CHEMISTRY
H97: DRAWING I | K97: =CONCATENATE(L97,M97,N97,O97,P97,Q97,R97) | M97: =IF(N97<>"",", ","") | O97: =IF(P97<>"",", ","") | Q97: =IF(R97<>"",", ","") | S97: =IF(T97<>"",", ","")
F98: 9120 | G98: 2 | H98: ALGEBRA | I98: Álgebra y Ecuaciones Diferenciales | J98: 6 | K98: =CONCATENATE(L98,M98,N98,O98,P98,Q98,R98) -> Javier Relancio | L98: Javier Relancio | M98: =IF(N98<>"",", ","") | O98: =IF(P98<>"",", ","") | Q98: =IF(R98<>"",", ","") | S98: =IF(T98<>"",", ","")
F99: 9121 | G99: 2 | H99: FISICA II | I99: Física II | J99: 6 | K99: =CONCATENATE(L99,M99,N99,O99,P99,Q99,R99) -> Fernando Manuel García Reguera | L99: Fernando Manuel García Reguera | M99: =IF(N99<>"",", ","") | O99: =IF(P99<>"",", ","") | Q99: =IF(R99<>"",", ","") | S99: =IF(T99<>"",", ","")
F100: 9122 | G100: 2 | H100: AMP. CALCULO | I100: Ampliación de Cálculo y Geometría | J100: 6 | K100: =CONCATENATE(L100,M100,N100,O100,P100,Q100,R100) -> Antonio Manzano Rodríguez | L100: Antonio Manzano Rodríguez | M100: =IF(N100<>"",", ","") | O100: =IF(P100<>"",", ","") | Q100: =IF(R100<>"",", ","") | S100: =IF(T100<>"",", ","")
...

Sheet Aulas
A1: AULAS | B1: GRUPOS | C1: GRUPO | E1: Horario | G1: notas
A2: Aula 21-A1 | B2: (101) | C2: Grupo: MANAÑA | E2: 08:30 - 09:30 | G2: Nota: Estos horarios podrán ser modificados por necesidades docentes (desdoble de grupos, ocupación de laboratorios, contratación de profesorado…)
B3: (102) | C3: Grupo: TARDE | E3: 9:30 - 10:30 | G3: NOTAS
A4: Aula 51-A1 | B4: (103) | C4: Mención INGENIERIA DE COMPUTADORES | E4: 10:30 - 11:30
A5: Aula 52-A1 | B5: (104) | C5: Mención COMPUTACIÓN Mención INGENIERIA DEL SOFTWARE Mención SISTEMAS DE INFORMACIÓN | E5: 11:30 - 12:30 | G5: Curso 2024-2025
A6: Aula 53-A1 | B6: (105) | E6: 12:30 - 13:30
A7: Aula 54-A1 | B7: (201) | E7: 13:30 - 14:30
A8: Aula 31-A2 | B8: (202) | E8: 14:30 - 15:30
A9: Aula 33-A2 | B9: (801) | E9: 15:30 - 16:30
A10: Aula 35-A2 | B10: (801) | E10: 16:30 - 17:30
A11: Aula 32-A2 | B11: 2 | E11: 17:30 - 18:30
A12: Aula 34-A2 | B12: 80 | E12: 18:30 - 19:30
A13: Aula 36-A2 | B13: (103)(104)(105) | E13: 19:30 - 20:30
A14: Aula 42-A2 | B14: (101) | E14: 20:30 - 21:30
A15: Aula 44-A2 | B15: (102) | E15: 14:30 - 15:30
A16: Aula 46-A2 | B16: (103)
A17: Aula 41-A2 | B17: (104) | E17: 08:20 - 09:20
A18: Aula espejo | B18: (204) | E18: 09:20 - 10:20
A19: Lab. 22-A1 | B19: (201) | E19: 10:20 - 11:20
A20: Lab. 24-A1 | B20: (202) | E20: 11:20 - 12:20
A21: Lab. 26-A1 | B21: (203) | E21: 12:20 - 13:20
A22: Aula 0 | E22: 13:20 - 14:20
A23: Lab. 32-A1 | B23: (204) | E23: 14:20 - 15:20
A24: Aula 34-A1 | B24: (205) | E24: 15:20 - 16:20
A25: Aula 36-A1 | B25: (102 / 104) | E25: 16:20 - 17:20
A26: Lab 42-A1 | B26: (101+102) | E26: 17:20 - 18:20
A27: Lab 44-A1 | E27: 18:20 - 19:20
A28: Lab 46-A1 | E28: 19:20 - 20:20
A29: Aula 0 | E29: 20:20 - 21:20
A30: Aula 51-A2 (Inf.)
A31: Aula 52-A2 (Inf.) | E31: 20:00-20:30
A32: Aula 52-A2 (Inf.) / 44-A2 | E32: 20:30-21:00
A33: Aula 52-A2 (Inf.) / 32-A2 | E33: 21:00-21:30
A34: Aula Inf. 1A | E34: 12:30-15:30
A35: Aula Inf. 1B
A36: Aula Inf. 2A
A37: Aula Inf. 2B / 31-A2
A38: Aula Inf. 2B
A39: Aula 53-A2 (CAD)
A40: Aula 53-A2 (CAD) / 41-A2 (Tab)
A41: Aula 55-A2 (CAD)
A42: Aula 55-A2 (CAD) / 41-A2 (Tab)
A44: Aula 41-A2 (Tab) / Inf 1B (CAD)
A45: Lab. Electrónica 1
A46: Lab Electrónica 3
A47: Lab. I. Eléctrica 1
... A143: Lab. 24-A1/ 44-A2

Sheet GIS
A1: 1º Grado en Ingeniería de la Salud | Z1: =Aulas!G5 -> Curso 2024-2025
A2: Semestre temporal: 1º (PRIMER SEMESTRE ACADEMICO) | Z2: Aula 52-A1
A3: Grupo: MANAÑA
A4: GIS_1
A5: Hora | B5: LUNES | H5: MARTES | N5: MIÉRCOLES | T5: JUEVES | Z5: VIERNES
A6: 08:30 - 09:30 | B6: ÁLGEBRA | C6: (103) | D6: Aula 51 A2/46 A2 | H6: F.BIOÉTICOS | I6: (101) | J6: Aula 46A2/Infor 1B | K6: INFORMÁTICA | L6: (102) | M6: Lab 46-A1 | N6: ÁLGEBRA | T6: FÍSICA | U6: (103) | V6: Aula 34 A2 | W6: ÁLGEBRA | X6: (102) | Y6: Aula 52A2/46 A2 | Z6: BIOLOGÍA | AA6: (103) | AB6: Lab Biologia Fac CC
N7: SALA DE JUNTAS 2
A8: 09:30 - 10:30 | N8: BIOLOGÍA
N9: SALA DE JUNTAS 2
A10: 10:30 - 11:30 | B10: BIOLOGÍA | H10: INFORMÁTICA | N10: F.BIOÉTICOS | T10: INFORMÁTICA
B11: Aula 52-A1 | H11: Aula 52-A1 | N11: Aula 52-A1 | T11: Aula 52-A1
A12: 11:30 - 12:30 | B12: FÍSICA | H12: F.BIOÉTICOS | N12: ÁLGEBRA | T12: FÍSICA | AC12: BIOLOGÍA | AD12: (101) | AE12: Lab Biologia Fac CC
B13: Aula 52-A1 | H13: Aula 52-A1 | N13: Aula 52-A1 | T13: Aula 52-A1
A14: 12:30 - 13:30 | B14: ÁLGEBRA | C14: (101) | D14: Aula 51 A2/33A2 | E14: FÍSICA | F14: (102) | G14: Aula 35-A2 | H14: INFORMÁTICA | I14: (101) | J14: Lab 46-A1 | K14: F.BIOÉTICOS | L14: (103) | M14: Aula 44A2/Infor 1B | Q14: F.BIOÉTICOS | R14: (102) | S14: Aula 44A2/Infor 1B | T14: FÍSICA | U14: (101) | V14: Aula 35-A2 | W14: INFORMÁTICA | X14: (103) | Y14: Lab 42-A1
A16: 13:30 - 14:30
A18: Hora | B18: LUNES | H18: MARTES | N18: MIÉRCOLES | T18: JUEVES | Z18: VIERNES
H19: BIOLOGÍA | I19: (105)* | J19: Lab Biologia Fac CC | N19: BIOLOGÍA | O19: (105)* | P19: Lab Biologia Fac CC | T19: BIOLOGÍA | U19: (102 / 104) | V19: Lab Biologia Fac CC
A20: 15:30 - 16:30
A22: 16:30 - 17:30
A24: 17:30 - 18:30
A26: 18:30 - 19:30
A28: 19:30 - 20:30
A30: 20:30 - 21:30
A36: Nombre abreviado | C36: Nombre completo | M36: Codigo | O36: ECTS | Q36: Profesor / es
A37: ÁLGEBRA | C37: =ASIGNATURAS!I314 -> Algebra | M37: 8213 | O37: 6 | Q37: =ASIGNATURAS!K314 -> Antonio Manzano Rodríguez
A38: FÍSICA | C38: =ASIGNATURAS!I315 -> Física Aplicada a la Salud | M38: 8214 | O38: 6 | Q38: =ASIGNATURAS!K315 -> Flavio Mercati, Manuel Iván González
A39: FUND BIOÉTICOS | C39: =ASIGNATURAS!I316 -> F. Bioéticos, Deontológicos y Jurídicos de la Salud | M39: 8215 | O39: 6 | Q39: =ASIGNATURAS!K316 -> Rosa María Sanchez, Juan Ayllon Barasoain
A40: INFORMÁTICA | C40: =ASIGNATURAS!I317 -> Informática Básica | M40: 8216 | O40: 6 | Q40: =ASIGNATURAS!K317 -> Carlos Pardo Aguilar, Jose Francisco Díez
A41: BIOLOGÍA | C41: =ASIGNATURAS!I318 -> Biología Celular y Genética | M41: 8217 | O41: 6 | Q41: =ASIGNATURAS!K318 -> Mª Concepción Pilar , Mónica Cavia , Silvia Sevillano
A43: Biología Celular y Genética: 3 laboratorios y 4 seminarios (el grupo 105* se formará en clase)
A44: Labo de Facultad de Ciencias: Grupo (101)y (103) 8/15/12 Octubre, (102)23 Septiembre7/14 Octubre, (104)21/28 Octubre 11Noviembre, (105) 5/6/13 Octubre
A45: Seminarios en Aula de EPS 52 A1, 29 Octubre, 5/12/19 noviembre (101+102) de 8:30 a 11:30 - (103+104) de 11:30 a 14:30
A46: Prueba de evaluación de prácticas y seminarios en aula informática de EPS 2,3 de diciembre (por confirmar)
A48: GRUPOS TEORICOS = 1
A49: GRUPOS PRACTICOS =3/4 | G49: Nota: Estos horarios podrán ser modificados por necesidades docentes
A52: 1º Grado en Ingeniería de la Salud | Z52: =Z1 -> Curso 2024-2025
A53: Semestre temporal: 2º (SEGUNDO SEMESTRE ACADÉMICO) | Z53: Aula 54-A1
A54: Grupo: MANAÑA
A55: GIS_2
A56: Hora | B56: LUNES | H56: MARTES | N56: MIÉRCOLES | T56: JUEVES | Z56: VIERNES
A57: 08:30 - 09:30 | B57: F CUERPO I | V57: (103) | W57: Aula 54-A1 | Z57: (103) | AA57: Lab Biologia Fac CC | AB57: (102) | AC57: Lab Fisiología Fac CS
B58: Aula 54-A1 | V58: F CUERPO I | Z58: BIOQUÍMICA | AB58: F CUERPO I
A59: 09:30 - 10:30 | B59: F CUERPO I | H59: BIOQUÍMICA | N59: BIOQUÍMICA
B60: Aula 54-A1 | H60: Aula 54-A1 | N60: Aula 54-A1
A61: 10:30 - 11:30 | B61: ELECTRICIDAD | H61: CÁLCULO | N61: PROGRAMACIÓN | T61: (101) | U61: Aula 54-A1 | X61: (103) | Y61: Lab. Ing. Eléctrica 1 | AD61: (101) | AE61: Lab Fisiología Fac CS
B62: Aula 54-A1 | H62: Aula 54-A1 | N62: Aula 54-A1 | T62: F CUERPO I | X62: ELECTRICIDAD | AD62: F CUERPO I
A63: 11:30 - 12:30 | B63: PROGRAMACIÓN | H63: ELECTRICIDAD | N63: CÁLCULO | AB63: (102) | AC63: Lab Biologia Fac CC
B64: Aula 54-A1 | H64: Aula 54-A1 | N64: Aula 54-A1 | AB64: BIOQUÍMICA
A65: 12:30 - 13:30 | B65: (101) | C65: Lab 44-A1 | D65: (102) | E65: Lab. Ing. Eléctrica 1 | F65: (103) | G65: Aula Inf. 1 B | H65: (101) | I65: Lab. Ing. Eléctrica 1 | J65: (102) | K65: Aula 52-A2 (Inf.) | N65: (101) | O65: Aula 52-A2 (Inf.) | P65: (102) | Q65: Lab 44-A1 | V65: (102) | W65: Aula 54-A1 | X65: (103) | Y65: Lab 44-A1 | Z65: (103) | AA65: Lab Fisiología Fac CS
B66: PROGRAMACIÓN | D66: ELECTRICIDAD | F66: CÁLCULO | H66: ELECTRICIDAD | J66: CÁLCULO | N66: CÁLCULO | P66: PROGRAMACIÓN | V66: F CUERPO I | X66: PROGRAMACIÓN | Z66: F CUERPO I
A67: 13:30 - 14:30
A69: Hora | B69: LUNES | H69: MARTES | N69: MIÉRCOLES | T69: JUEVES | Z69: VIERNES
A70: 16:30 - 17:30 | R70: (104) | S70: Lab Biologia Fac CC | V70: (104) | W70: Lab Fisiología Fac CS | X70: (101) | Y70: Lab Biologia Fac CC
R71: BIOQUÍMICA | V71: F CUERPO I | X71: BIOQUÍMICA
A72: 17:30 - 18:30
A74: 18:30 - 19:30
A76: 19:30 - 20:30
A78: 20:30 - 21:30
A81: 4 prácticas de Bioquioquíca E y M en laboratorio de la Facultad de Ciencias 23-24-25/2; 30-31/3-1/4; 20-21-22/4 y 4-5-6/5
A82: 3 prácticas de Bioquioquíca E y M en aula EPS Vena 23-24-25/3; 11-12-13/5 y 18-19-20/5_Aulas 46 A2 miercoles/ 21 A1 viernes/ 31 A2 Jueves
A83: 1 prácticas de Bioquioquíca E y M en aula ordenadores EPS Vena 9-10-11/03 Aula 32A1
A84: 4 prácticas de Estructura y Función del Cuerpo Humano eI en laboratorio de Ciencias de la salud
A85: 8 seminarios de Estructura y Función del Cuerpo Humano en la EPS
A86: Nombre abreviado | C86: =[1]ASIGNATURAS!I257 -> Ampliación de Cálculo y Geometría | M86: Codigo | O86: ECTS | Q86: Profesor / es
A87: CALCULO | C87: =ASIGNATURAS!I319 -> Cálculo | M87: 8218 | O87: 6 | Q87: =ASIGNATURAS!K319 -> Elena Cebrian de Barrio
A88: ELECTRICIDAD | C88: =ASIGNATURAS!I320 -> Fundamentos de Electricdad en Medicina | M88: 8219 | O88: 6 | Q88: =ASIGNATURAS!K320 -> Ricardo Martínez Rayón
A89: F CUERPO I | C89: =ASIGNATURAS!I321 -> Estructura y Función del Cuerpo Humano I | M89: 8220 | O89: 6 | Q89: =ASIGNATURAS!K321 -> Idoya Rodríguez Alonso, Dario Fernández
A90: PROGRAMACION | C90: =ASIGNATURAS!I322 -> Fundamentos de Programación | M90: 8221 | O90: 6 | Q90: =ASIGNATURAS!K322 -> José Francisco Díez Pastor
A91: BIOQUIMICA | C91: =ASIGNATURAS!I323 -> Bioquímica Estructural y Metabólica | M91: 8222 | O91: 6 | Q91: =ASIGNATURAS!K323 -> Natividad Ortega, David Palacios
A94: GRUPOS TEORICOS = 1
A95: GRUPOS PRACTICOS = 2/3
A97: Nota: Estos horarios podrán ser modificados por necesidades docentes (desdoble de grupos, ocupación de laboratorios, contratación de profesorado…)
A99: 2º Grado en Ingeniería de la Salud | Z99: =Z1 -> Curso 2024-2025
A100: Semestre temporal: 3 (TERCER SEMESTRE ACADEMICO) | Z100: Aula 36-A2
A101: Grupo: TARDE
A102: GIS_3
A103: Hora | B103: LUNES | H103: MARTES | N103: MIÉRCOLES | T103: JUEVES | Z103: VIERNES
A104: 08:30 - 09:30
A106: 09:30 - 10:30
A108: 10:30 - 11:30
A110: 11:30 - 12:30
A112: 12:30 - 13:30
A114: 13:30 - 14:30
A116: Hora | B116: LUNES | H116: MARTES | N116: MIÉRCOLES | T116: JUEVES | Z116: VIERNES
A117: 14:30-15:30
N118: (101) | O118: Lab Fac CC
A119: 15:30 - 16:30 | B119: GENÉTICA | H119: BIOESTADÍSTICA | P119: (102) | Q119: Lab Fac CS | R119: GENE (101) 1B | S119: FCH II (102) 32 A2 | T119: BASES DE DATOS | Z119: METODOLOGÍA
B120: Aula 36-A2 | H120: Aula 36-A2 | N120: GENÉTICA | P120: F CUERPO II | T120: Aula 36-A2 | Z120: Aula 36-A2
A121: 16:30 - 17:30 | B121: GENÉTICA | H121: BASES DE DATOS | T121: METODOLOGÍA | Z121: BIOESTADÍSTICA
B122: Aula 36-A2 | H122: Aula 36-A2 | T122: Aula 36-A2 | Z122: Aula 36-A2
A123: 17:30 - 18:30 | B123: F CUERPO II | H123: BASES DE DATOS | I123: (101) | J123: Lab 46-A1 | K123: BIOESTADÍSTICA | L123: (102) | M123: Lab. 32-A1 | R123: FCH II (101) 32A2 | S123: GENE (102) 1B | T123: METODOLOGÍA | U123: (101) | V123: Lab 46-A1 | W123: BASES DE DATOS | X123: (102) | Y123: Aula Inf. 1 B | Z123: BIOESTADÍSTICA | AA123: (101) | AB123: Lab. 32-A1 | AC123: METODOLOGÍA | AD123: (102) | AE123: Lab 46-A1
B124: Aula 36-A2 | P124: (102) | Q124: Lab Fac CC
A125: 18:30 - 19:30 | B125: F CUERPO II | N125: (101) | O125: Lab Fac CS
B126: Aula 36-A2 | N126: F CUERPO II | P126: GENÉTICA
A127: 19:30 - 20:30
A129: 20:30 - 21:30
A132: 4 prácticas de 3 horas de Genética Molecular en la facultad de Ciencias 29/9, 20/10 ,27/10, 24/11. de 15:00 a 18:00 y 18:00 a 21:00
A133: 6 seminarios de 2 horas de Genética Molecular en aula 1B, 15/9, 22/9 ,06/10 ,03/11, 10/11, 17/11 en la EPS 15:30 a17:30 y 17:30 a 19:30 | AS133: Seminarios (aula ordenadores Politécnica): 15/09, 22/09, 06/10, 03/11, 17/11 y 24/11
A134: 4 prácticas de 2 horas de Estructura y F del Cuerpo H. II en la fac de Ciencias de la Salud. 29/9, 20/10 ,27/10, 24/11de 15:30 a 17:30 y 18:30 a 20:30 | AS134: Prácticas (Fac. Ciencias): 29/09, 20/10, 27/10 y 10/11
A135: 8 seminarios de Estructura y F del Cuerpo Humano II de 2 horas en Aula 21A1/informática.resto de días. En la EPS 15:30 a 17:30 y 17:30 a 19:30
...

Sheet Hoja1
B8: LUNES | D8: MARTES | F8: MIÉRCOLES | H8: JUEVES | J8: VIERNES
A9: 08:30 - 10:00 | B9: QUI (101) | C9: L. Quim. | D9: QUI (101) | E9: L. Quim. | F9: QUI (101) | G9: L. Quim. | H9: QUI (101) | I9: L. Quim. | J9: QUI (101) | K9: L. Quim.
B10: CAL (102) | C10: 51-A2 | D10: CAL (102) | E10: 51-A2 | F10: CAL (102) | G10: 51-A2 | H10: CAL (102) | I10: 51-A2 | J10: CAL (102) | K10: 51-A2
B11: FIS (103) | C11: 51-A1 | D11: FIS (103) | E11: 51-A1 | F11: FIS (103) | G11: 51-A1 | H11: FIS (103) | I11: 51-A1 | J11: FIS (103) | K11: 51-A1
B12: CAL (104) | C12: 52-A2 | D12: CAL (104) | E12: 52-A3 | F12: CAL (104) | G12: 52-A4 | H12: CAL (104) | I12: 52-A5 | J12: CAL (104) | K12: 52-A6
A13: 10:00 - 11:30 | B13: QUI (101) | C13: L. Quim. | D13: QUI (101) | E13: L. Quim. | F13: QUI (101) | G13: L. Quim. | H13: QUI (101) | I13: L. Quim. | J13: QUI (101) | K13: L. Quim.
B14: CAL (102) | C14: 51-A2 | D14: CAL (102) | E14: 51-A2 | F14: CAL (102) | G14: 51-A2 | H14: CAL (102) | I14: 51-A2 | J14: CAL (102) | K14: 51-A2
B15: FIS (103) | C15: 51-A1 | D15: FIS (103) | E15: 51-A1 | F15: FIS (103) | G15: 51-A1 | H15: FIS (103) | I15: 51-A1 | J15: FIS (103) | K15: 51-A1
B16: CAL (104) | C16: 52-A2 | D16: CAL (104) | E16: 52-A3 | F16: CAL (104) | G16: 52-A4 | H16: CAL (104) | I16: 52-A5 | J16: CAL (104) | K16: 52-A6
A17: 08:30 - 09:30 | B17: QUI (101) | C17: L. Quim. | D17: QUI (1) | E17: L. Quim. | F17: QUI (101) | G17: L. Quim. | H17: QUI (101) | I17: L. Quim. | J17: QUI (101) | K17: L. Quim.
B18: CAL (102) | C18: 51-A2 | F18: CAL (102) | G18: 51-A2 | H18: CAL (102) | I18: 51-A2 | J18: CAL (102) | K18: 51-A2
B19: FIS (103) | C19: 51-A1 | D19: FIS (2) | E19: 51-A1 | F19: FIS (103) | G19: 51-A1 | H19: FIS (103) | I19: 51-A1 | J19: FIS (103) | K19: 51-A1
B20: CAL (104) | C20: 52-A2 | F20: CAL (104) | G20: 52-A4 | H20: CAL (104) | I20: 52-A5 | J20: CAL (104) | K20: 52-A6
A23: Practicas | B23: 2 | C23: 12 | D23: =C23*B23 -> 24 | F23: Semana | G23: =B23*5 -> 10
A24: Teoria | B24: 2 | C24: 12 | D24: =B24*C24 -> 24 | F24: 20 horas | G24: =B24*5 -> 10
A25: Pruebas | D25: 6
A27: Practicas | B27: 3 | C27: 8 | D27: =B27*C27 -> 24 | F27: Semana | G27: =B27*5 -> 15
A28: Teoría | B28: 2 | C28: 8 | D28: =B28*C28 -> 16 | F28: 30 horas | G28: =B28*5 -> 10

Sheet Reglas
B2: COLORES CLASES | J2: ESTRUCTURAS DE LAS CLASES TEÓRICAS
C4: Color grupo práctico 1 | F4: Color grupo teórico 1 | K4: ASIGNATURA
C5: Color grupo práctico 2 | F5: Color grupo teórico 2 | K5: AULA
C6: Color grupo práctico inglés | F6: Color grupo teórico inglés
J9: ASIGNATURA | K9: AULA | L9: GRUPO
B10: REGLAS
B12: 1. Unificación de la abreviatura de las asignaturas en teóricas y prácticas con la que aparece en Asignaturas (incluidas tildes) | J12: ESTRUCTURAS DE LAS CLASES PRÁCTICAS
B14: 2. Nombre de las aulas y laboratorios como en base de datos | K14: ASIGNATURA | L14: GRUPO
K15: AULA
B16: 3. Cuando se añado combinación de aulas, se añadirá en la pestaña de Aulas, teniendo estas el mismo nombre que el aula | N16: ASIGNATURA | O16: GRUPO | P16: AULA
B17: individual, y separándose por una barra / | K17: G | L17: AULA
K18: ASIGNATURA
B19: 4. Si hay un desplegable, NO modificar el valor a mano seleccionar del desplegable, y sino crear o modificar en la celda
B20: correspondiente al desplegable
B22: 5. Seguir la estructura de colores de las clases, para facilitar errores copiar el estilo
